Carpet_Area,BHK,Floor_Number,Bathrooms,Railway_Station-KM,Price,Rented_Price
504,4.0,24,1,4,1483239,0
972,1.0,12,1,0,3778621,18514
1148,4.0,8,2,2,2554571,0
3260,2.5991769547325103,1,0,2,1934681,0
1975,2.5991769547325103,18,2,1,1056664,28289
1888,2.5991769547325103,1,3,2,2155196,36026
2047,4.0,1,2,4,2675617,23826
955,4.0,11,1,2,3374203,0
2416,4.0,1,1,3,2711820,0
1121,5.0,11,3,1,798956,24131
2050,3.0,1,1,3,4703185,32014
2703,4.0,1,4,3,2389366,0
803,2.0,4,2,2,2621768,38072
917,4.0,11,4,2,3508848,0
973,5.0,2,1,4,3628189,0
0,5.0,5,2,1,3207151,25994
1770,2.0,1,2,1,4425105,12533
2428,4.0,1,4,1,4001182,0
1925,1.0,1,1,2,2910870,39900
1890,2.0,1,2,2,4920594,0
541,4.0,3,0,2,3007083,0
3306,1.0,1,1,2,0,0
1162,1.0,8,0,1,2794913,0
1780,2.0,20,2,0,4093270,23380
1408,4.0,24,1,0,1741343,30098
2712,3.0,0,3,0,0,0
1602,4.0,20,3,0,2706963,37282
2777,4.0,1,4,3,670703,0
1926,3.0,1,3,2,4948263,0
2637,5.0,1,3,4,1205974,32931
2484,4.0,1,4,4,3046544,39043
1083,1.0,13,1,4,2946359,33985
2231,2.5991769547325103,1,1,2,1874020,35501
1484,3.0,13,3,3,682520,27435
1523,4.0,1,3,1,1876760,0
3224,5.0,1,2,2,4773646,0
3208,1.0,1,1,1,3707023,0
1691,1.0,18,1,4,1536775,0
2569,2.0,1,2,3,1446007,13021
1938,1.0,22,1,3,0,22667
545,4.0,22,1,2,1670169,14614
2775,2.5991769547325103,1,3,3,0,16300
1765,3.0,21,3,0,3200867,0
2922,5.0,1,2,3,1080306,0
1948,2.0,1,2,2,2157071,0
3201,2.5991769547325103,1,1,4,4536826,0
3272,1.0,1,1,0,4276376,24351
1953,3.0,7,1,4,2074038,0
1583,5.0,15,1,3,1194161,38686
1111,1.0,11,1,2,2018370,21259
1840,5.0,1,3,1,1592398,0
762,1.0,21,1,3,0,19814
1437,3.0,19,0,0,742864,0
1526,1.0,0,0,4,4137339,30682
1901,2.5991769547325103,1,2,3,2666183,25039
624,1.0,0,1,2,545940,8779
2184,5.0,1,4,3,3425470,0
2501,4.0,1,2,4,3404824,0
3079,3.0,1,1,2,1053513,0
2647,4.0,0,1,3,1042631,31441
925,4.0,3,4,4,1372644,37207
592,2.5991769547325103,23,3,4,4700284,0
2442,1.0,1,1,4,1410541,33212
1972,5.0,3,3,2,2347919,0
1603,3.0,18,2,1,2423819,36036
1480,4.0,15,1,0,4793408,0
1774,4.0,10,3,1,0,0
1965,5.0,1,5,0,3294026,31963
2981,3.0,1,3,0,0,25555
1888,5.0,1,1,3,1344035,14145
2155,5.0,0,2,4,544890,28527
2050,4.0,1,4,1,4866429,21391
1963,4.0,1,2,4,976935,23117
1974,5.0,9,1,1,3625568,27750
1912,1.0,22,1,4,2890082,0
2680,1.0,1,1,1,4485964,30198
703,5.0,7,0,1,4191551,38403
2468,4.0,1,3,4,3336883,0
2005,3.0,1,1,0,1051384,0
2943,2.0,1,1,1,2375081,0
935,4.0,25,3,3,1108686,37844
1775,4.0,0,2,0,2315107,0
1663,1.0,1,1,4,3973770,0
3081,5.0,1,1,0,4591145,0
885,1.0,14,1,2,3690649,0
526,2.0,11,1,0,4888942,0
3433,1.0,1,1,1,0,0
1829,3.0,2,3,4,1891633,0
3327,5.0,1,2,3,0,17255
481,3.0,24,3,3,1111389,0
2348,3.0,1,3,2,3462927,35227
0,4.0,23,2,0,0,17085
1900,2.5991769547325103,0,0,2,1952172,0
0,2.5991769547325103,14,2,4,2123957,19722
0,2.5991769547325103,24,0,3,2616091,26039
1232,1.0,6,1,3,0,26795
1738,4.0,19,3,4,0,22881
1893,3.0,1,3,0,748377,18878
2063,2.5991769547325103,0,4,1,4101775,22612
427,2.0,9,0,4,4071354,38407
1517,4.0,23,4,1,1582485,0
455,1.0,13,1,2,2571854,14529
645,3.0,19,3,4,0,0
2611,3.0,1,3,3,4618706,16008
2427,3.0,1,2,2,0,0
606,5.0,12,2,4,0,17009
1537,2.5991769547325103,2,3,2,3015433,28591
1618,3.0,21,2,2,547452,14398
3203,2.0,1,0,2,3827504,0
1424,2.0,5,2,1,1794645,0
541,5.0,17,3,3,4934272,0
3496,3.0,1,3,0,3339424,18227
516,2.0,2,2,4,1092428,26511
3370,5.0,1,1,1,4358092,0
3433,4.0,1,1,1,2081683,16161
3271,2.0,1,2,3,4470872,9674
1089,2.0,24,0,3,4542446,0
2625,5.0,1,3,2,2773413,0
1668,5.0,0,3,2,2083179,24746
1756,3.0,4,2,3,3887648,0
3248,3.0,1,3,0,1189797,26893
415,4.0,25,3,3,2386469,0
3089,4.0,1,4,0,4499010,0
1282,1.0,15,1,3,0,24579
2190,2.0,1,1,0,2091909,0
1552,4.0,23,4,1,2901667,0
726,3.0,16,2,0,0,0
1538,2.0,7,2,1,3164007,0
1812,2.5991769547325103,0,3,4,1899900,31336
1331,3.0,24,3,2,2570221,0
2079,2.0,1,2,0,2026546,30068
1257,5.0,7,3,4,0,0
1904,1.0,1,1,2,2631621,0
1834,4.0,1,4,4,4023526,0
3152,2.5991769547325103,0,1,0,0,24027
1842,4.0,1,1,0,1740649,0
1129,1.0,20,1,0,3703634,16131
1775,5.0,8,1,0,3301942,0
1775,5.0,21,5,0,2426469,31479
2830,4.0,0,1,4,4892788,34808
1189,1.0,13,0,3,4339777,35581
1276,3.0,13,3,2,2342144,0
1550,4.0,1,2,3,1992278,0
2266,3.0,1,2,2,3235848,34174
0,2.5991769547325103,21,2,4,3296161,0
2569,1.0,1,1,0,0,9106
1895,2.5991769547325103,22,4,2,1754956,0
784,2.5991769547325103,15,1,0,2976983,21174
768,3.0,24,1,1,763284,0
1647,5.0,1,2,3,528572,0
516,2.0,0,1,0,732612,18810
2251,3.0,1,3,2,1209045,0
2602,1.0,1,1,3,4082443,0
1547,3.0,2,1,0,3571069,19409
2988,1.0,1,1,2,656251,12485
1684,1.0,25,1,0,1749998,10270
1563,2.0,1,2,2,2948370,9768
1682,2.0,6,2,1,0,34776
2690,1.0,1,1,1,624779,0
1521,3.0,0,3,3,1148771,25924
641,1.0,17,1,4,1415224,0
1690,1.0,1,1,0,0,0
523,1.0,16,1,2,2222133,15263
3230,5.0,0,1,1,0,17695
668,2.5991769547325103,6,1,0,3164608,29776
3338,4.0,1,3,2,4883030,31461
0,3.0,1,2,2,677657,21499
1430,3.0,0,3,4,3686867,14545
2395,4.0,1,2,3,3424130,9048
699,5.0,6,5,1,3834740,10593
3212,2.5991769547325103,1,2,0,1257036,39452
934,2.5991769547325103,7,1,0,2735928,33240
1957,3.0,22,3,1,1496255,0
3085,4.0,1,4,3,3549481,0
1600,4.0,7,3,2,707413,16483
3165,3.0,1,2,1,542317,0
1087,3.0,12,2,1,3147399,13848
1831,2.0,0,2,0,2435824,36692
1597,2.5991769547325103,0,1,2,4689627,0
2781,2.0,0,2,2,2195208,32544
687,4.0,2,2,3,1515669,18294
0,4.0,1,2,3,4986102,14818
623,4.0,5,4,0,1125850,25881
1798,1.0,9,1,1,4087375,32170
3156,2.0,1,1,3,4553033,23000
2471,5.0,1,1,0,0,0
0,5.0,20,2,4,527585,16389
3483,2.0,1,2,4,3564428,13270
925,2.5991769547325103,6,4,4,0,0
0,3.0,1,3,2,3730013,0
1878,3.0,0,3,4,3307320,0
1706,2.0,1,2,4,2884589,0
873,3.0,20,2,1,2477728,18308
2848,4.0,0,1,4,0,0
1880,2.0,1,2,0,2752133,0
750,3.0,11,3,3,1335516,39750
1589,1.0,25,1,1,886167,10660
3419,4.0,1,2,2,567085,0
1508,4.0,1,3,1,1835578,17111
3031,4.0,1,3,0,1178015,26215
0,2.0,1,1,2,526872,36992
905,1.0,2,1,0,0,14656
2036,3.0,1,1,2,4230276,0
2015,4.0,1,2,4,1234957,8864
3344,2.5991769547325103,1,1,2,1574335,32415
427,2.0,19,1,4,1387572,0
1972,2.5991769547325103,21,1,0,2544088,0
470,2.5991769547325103,11,5,3,1548116,0
502,2.0,23,2,2,888921,0
0,1.0,11,1,0,1024537,14430
1869,4.0,15,4,4,0,0
1643,3.0,1,3,1,3640097,0
1842,4.0,0,0,2,1665877,16959
1390,2.0,11,1,0,708524,0
910,5.0,2,4,3,1142492,0
755,5.0,2,4,2,733842,0
1672,1.0,1,1,1,1523989,0
0,5.0,10,1,4,3858595,36703
1806,2.5991769547325103,1,0,3,2437230,35342
2063,1.0,1,1,3,2971154,0
3223,1.0,0,1,0,1894216,0
1672,3.0,22,3,1,1222536,0
2433,2.0,1,2,1,1044964,0
3094,1.0,1,1,2,1409623,0
442,4.0,1,4,4,902293,0
0,4.0,24,0,4,1625715,0
1775,4.0,1,4,3,0,13927
2085,4.0,1,4,3,3428850,22573
622,4.0,10,3,1,4928096,26798
0,1.0,1,1,0,4031516,34905
3427,2.5991769547325103,1,2,3,2766437,0
595,5.0,25,0,2,4140207,10674
614,3.0,24,0,4,1452489,0
3359,1.0,1,1,4,2890875,0
3060,1.0,1,0,0,1367105,29828
1418,4.0,23,1,1,901519,0
3455,1.0,1,1,2,4922271,0
2471,5.0,1,0,2,1128410,0
1202,2.0,18,2,4,2007242,29561
874,5.0,20,4,2,3589435,0
469,4.0,22,1,1,1177656,0
2141,5.0,1,3,3,4493633,0
2394,2.0,1,2,2,1323317,30521
1689,1.0,1,1,4,4354356,12743
921,2.0,5,2,3,2382152,0
1167,4.0,20,0,2,4476577,0
1975,2.5991769547325103,17,3,1,4757563,0
0,2.5991769547325103,1,2,3,1402172,0
2763,3.0,1,3,3,1102504,29820
1486,4.0,13,4,3,2861603,0
548,3.0,16,3,1,3035461,18017
2120,3.0,1,3,4,2190144,30340
899,2.0,16,2,2,3570674,23063
3175,5.0,1,3,4,4633805,0
1605,1.0,1,1,1,2021135,9420
1807,2.5991769547325103,2,4,4,1277515,15783
2450,1.0,1,1,1,650017,10714
1027,4.0,1,1,2,786977,11452
0,2.0,11,2,1,0,0
1669,3.0,1,2,0,1344836,14627
3273,5.0,1,1,3,2190975,26725
727,3.0,20,3,3,4164393,0
1702,5.0,1,5,2,3589758,0
0,2.0,1,1,0,4572678,22659
1774,2.5991769547325103,1,0,4,3380996,35856
3204,3.0,1,3,3,780809,0
1829,3.0,1,3,3,4964877,36770
2711,5.0,1,5,4,2136099,36619
1529,4.0,16,2,0,685019,0
3333,2.0,1,1,3,3928332,0
2840,3.0,1,1,0,0,37715
2908,2.0,1,0,2,683903,0
657,1.0,14,0,2,1695550,0
1819,1.0,8,1,1,520368,0
1731,2.5991769547325103,1,3,0,0,16048
540,4.0,21,4,0,1282868,0
1367,5.0,8,1,0,4388229,18830
1512,1.0,0,1,2,1567398,29698
1022,3.0,25,3,4,4373703,0
926,5.0,1,4,1,2073825,15737
0,4.0,1,4,0,851670,0
807,1.0,25,1,4,3371506,13496
984,5.0,20,4,0,1894161,0
2674,1.0,1,1,3,4254484,11626
1582,2.0,0,2,3,4358309,0
1751,3.0,8,3,1,3542338,0
2956,3.0,1,3,0,4990559,33399
3094,5.0,1,3,3,1246129,0
1698,5.0,1,3,2,1210578,23652
1197,2.5991769547325103,8,1,3,3737402,0
2113,1.0,1,1,1,0,0
2213,4.0,1,1,3,4449472,33395
0,4.0,4,1,1,3968246,33680
1202,4.0,11,0,4,1371418,0
1155,2.0,1,1,4,737985,0
1888,2.0,17,2,0,2169702,0
3443,5.0,0,3,1,2553790,0
1332,5.0,20,3,2,3568152,24248
1548,3.0,3,3,2,2426643,26297
2721,3.0,1,4,3,591098,0
1728,3.0,17,4,2,3238189,23910
1198,4.0,12,1,4,2395390,0
3270,4.0,11,1,1,625237,17246
2717,3.0,16,3,0,2767876,32768
3271,3.0,6,2,4,4399914,0
2695,3.0,4,1,4,4056263,0
930,4.0,23,2,4,4154275,0
445,3.0,1,2,3,3353595,0
1954,3.0,24,1,1,3205335,0
3175,3.0,2,4,3,4568454,0
769,1.0,10,2,0,1637689,33597
1486,2.0,19,4,4,4886917,25208
3131,4.0,23,4,1,569572,0
927,3.0,10,1,3,4954330,34863
2153,3.0,16,3,1,1358610,0
1855,1.0,20,3,1,3858876,10589
2692,4.0,2,2,2,3324539,26456
1378,4.0,3,2,0,1330716,0
3419,2.0,13,1,4,2567143,16929
1251,1.0,11,4,4,3391785,0
3181,2.0,9,4,2,1940666,0
1047,3.0,6,4,4,854471,37470
2962,1.0,21,3,4,3248383,11414
839,4.0,5,4,0,4872303,33649
2781,4.0,5,3,1,914258,27568
1584,4.0,5,3,4,623972,0
2886,4.0,2,1,4,3600196,0
685,2.0,21,3,2,1492898,39508
2798,4.0,1,1,2,4364732,0
2119,3.0,23,1,0,2694031,0
954,3.0,12,4,4,3494953,35290
2484,2.0,4,3,3,2959999,15267
3059,4.0,16,3,3,4934064,22551
714,4.0,18,4,1,3639632,19881
806,3.0,18,2,0,3233309,0
2914,1.0,12,4,0,821324,0
911,1.0,7,4,1,2309150,0
3465,4.0,22,3,3,2966439,23812
2509,2.0,24,2,0,1686156,0
959,3.0,18,1,4,3643469,37300
2421,4.0,11,4,3,3084545,28798
2205,1.0,17,3,3,1512125,10870
2311,4.0,7,1,0,4406666,34739
1142,2.0,24,4,2,3622120,27916
3362,2.0,18,1,1,3213782,30186
588,3.0,9,3,3,3850989,0
1264,3.0,21,4,4,2345312,25084
1364,1.0,17,4,1,2317569,0
1772,4.0,22,4,3,1779277,26692
993,2.0,6,1,3,3419902,0
2622,3.0,1,1,3,3622504,0
834,2.0,22,1,2,944021,0
873,4.0,5,3,3,1962007,39059
1513,4.0,3,1,4,4014623,9903
2248,1.0,11,1,0,1786357,15084
2065,2.0,18,1,1,813826,14679
1401,3.0,14,3,0,2966850,12969
885,1.0,20,1,4,1706416,0
2064,1.0,6,4,0,1335272,11865
811,1.0,1,3,3,2327109,0
1922,4.0,12,3,2,547164,0
497,1.0,14,2,0,2407342,0
2531,1.0,22,4,0,1108090,19677
766,3.0,4,4,2,2622412,0
3311,3.0,16,2,4,4425460,0
1198,1.0,15,4,2,3640838,19127
1322,1.0,7,4,1,928231,0
1546,3.0,10,3,4,4262277,31208
1380,4.0,13,4,2,1012029,0
1748,1.0,12,3,4,2287825,18417
977,1.0,8,1,4,3369544,13923
2770,3.0,2,2,4,4327532,34858
2031,2.0,11,1,4,2195442,37165
2586,3.0,16,2,2,4002471,0
1284,3.0,8,3,2,1455262,27183
3362,1.0,18,4,1,4677390,0
1641,3.0,17,2,3,3460916,0
3032,1.0,2,2,1,2947618,37983
2619,1.0,19,2,1,4954252,13958
1778,1.0,4,3,3,3676352,0
3011,2.0,3,4,2,1026129,0
1079,2.0,19,3,2,3507646,16700
1459,2.0,7,1,3,3768425,0
2036,2.0,16,1,1,4363624,0
3274,3.0,15,2,4,3098330,32944
3147,3.0,11,2,2,1427801,38666
2875,2.0,1,2,0,1031924,21061
1217,3.0,17,2,2,2357558,0
519,3.0,24,2,3,779207,12064
3227,4.0,18,3,2,1741800,0
3487,4.0,8,1,1,3448058,0
462,2.0,1,2,1,4277688,30893
3056,2.0,4,1,3,4432164,0
1390,1.0,15,2,4,2277339,37743
3396,3.0,9,2,3,1558208,36541
3268,1.0,6,3,2,1949682,29886
3222,2.0,20,3,4,1757769,29154
2460,2.0,10,4,1,2574113,0
2862,1.0,24,4,4,1588690,13665
1682,4.0,20,1,1,4729021,0
3188,4.0,10,2,4,2290855,13881
1600,3.0,17,1,3,2519036,0
1209,1.0,17,1,3,2642816,0
536,3.0,18,2,0,3363052,8664
3062,2.0,10,4,3,2670396,0
2365,2.0,17,3,1,4737393,34067
478,4.0,1,1,4,2895291,27750
2867,4.0,2,3,4,927101,25512
1078,4.0,12,4,0,1739724,0
865,4.0,20,1,2,1530322,26835
772,2.0,19,3,0,4064026,0
1996,3.0,19,2,1,3553177,0
2382,3.0,13,4,3,1112910,0
2140,3.0,19,1,3,2027267,29056
2498,2.0,20,1,4,4537460,0
1301,2.0,14,3,2,1245515,32983
3149,1.0,18,3,1,4715800,8998
1201,4.0,19,4,2,4709191,25167
1479,4.0,10,4,3,2500991,19956
2791,2.0,6,3,2,1778641,15634
3350,2.0,7,4,4,1811750,12969
2806,4.0,14,3,3,2495658,0
428,1.0,18,4,4,3818024,18143
1925,4.0,19,2,3,1130422,22195
1131,1.0,3,1,4,757095,0
593,4.0,2,3,4,3770810,39795
3011,3.0,6,2,0,4555770,13363
3181,4.0,3,1,1,3406557,8785
2571,2.0,11,2,4,518409,10096
1442,1.0,16,2,2,4151216,10935
1377,1.0,15,1,4,4241758,18190
2727,2.0,24,1,3,3108022,0
3333,3.0,19,1,3,4988279,18859
1223,1.0,17,3,4,2162049,11729
2124,4.0,24,1,3,3026671,0
2969,2.0,24,2,2,4601512,0
884,3.0,15,2,2,821228,0
598,2.0,12,3,1,2129757,0
2903,2.0,19,4,4,4359374,30215
2264,3.0,12,2,2,3700755,13452
3100,1.0,4,4,2,2025831,0
2816,2.0,9,2,3,2964626,13592
1276,4.0,21,3,2,4896754,25687
1613,2.0,12,2,3,2230491,0
1570,3.0,5,2,1,3292727,21314
3195,1.0,24,3,4,1595797,0
745,4.0,23,4,4,2625844,0
2418,3.0,17,1,1,918461,0
2643,1.0,11,4,1,758210,0
3362,3.0,16,1,0,1459805,0
2882,3.0,6,4,4,2231881,0
1489,4.0,15,2,1,722933,22052
3217,3.0,8,2,2,2043473,11125
1716,2.0,18,1,0,4693433,14490
3472,4.0,1,4,4,1110979,9912
2744,4.0,1,4,2,3741647,10481
3199,4.0,20,3,2,1923514,0
1234,2.0,20,2,3,2195708,15965
1349,2.0,22,3,2,800613,0
757,1.0,7,3,1,2991510,23250
2980,2.0,4,3,1,3559531,0
3470,3.0,13,2,2,3451137,26980
1721,2.0,23,4,0,3352047,0
1994,1.0,12,1,1,4628351,34767
2943,2.0,15,3,4,3044199,9789
3298,4.0,20,2,1,4076383,29937
3140,2.0,22,1,3,2608525,0
2853,2.0,16,1,2,818123,0
2343,1.0,9,2,3,3257901,0
418,1.0,17,2,1,2558658,22346
2770,4.0,21,3,2,2436075,22947
3130,1.0,19,2,3,3584210,30477
2762,3.0,15,2,0,581981,12441
451,3.0,13,1,2,3823018,0
1471,3.0,14,2,1,1636456,0
1157,3.0,3,3,0,3723187,31212
1345,2.0,1,2,4,3500334,0
1843,3.0,11,3,3,2836637,0
719,3.0,3,4,3,1359369,8319
2897,4.0,9,3,4,4307009,0
2815,1.0,20,4,1,4704736,0
468,2.0,22,1,2,1791973,0
2643,3.0,10,4,3,3946829,0
1346,2.0,24,3,3,4631169,0
904,1.0,24,3,3,3441012,32387
1914,4.0,19,3,1,3715566,27322
2756,3.0,7,3,4,1593282,0
2893,2.0,9,2,4,904236,20174
2261,3.0,18,4,3,656660,0
3177,4.0,12,4,3,4710780,39351
3380,3.0,24,1,3,2980439,0
2565,3.0,24,2,3,2404531,0
862,2.0,4,3,0,1507808,0
716,2.0,3,2,3,3648427,14383
2065,4.0,3,2,2,2121840,0
1484,2.0,18,1,2,3724389,20524
1910,3.0,4,2,1,713952,14035
1183,3.0,13,4,4,1286803,0
2363,3.0,5,2,4,1245364,0
2006,1.0,16,2,3,1758488,37947
1595,3.0,1,1,1,2015033,33533
746,3.0,11,1,0,1279975,11250
2961,3.0,15,3,4,4382177,0
652,4.0,1,3,1,1597862,0
532,4.0,3,3,1,2539592,0
1108,4.0,14,2,2,4986593,0
1083,3.0,19,3,1,3987587,0
495,1.0,14,2,0,2032985,14249
3124,1.0,16,4,3,1217945,14342
1910,4.0,4,1,3,1310539,39669
1066,2.0,8,3,2,2665470,0
3410,3.0,6,4,2,4940093,14964
1124,4.0,1,1,3,3976912,0
1799,4.0,6,3,2,4524527,20533
921,3.0,22,4,1,1859546,26734
3379,3.0,1,3,1,563859,0
2541,3.0,23,1,3,4952941,13093
843,2.0,13,3,1,2572305,0
1521,1.0,13,2,2,3640745,36785
604,4.0,3,4,3,3535697,0
1271,4.0,3,3,2,1731241,0
2789,4.0,10,2,2,1013377,0
1838,2.0,15,4,2,715575,38649
3064,3.0,1,3,2,1026880,0
2467,1.0,11,1,3,1750561,13131
831,1.0,22,2,4,840511,33675
2139,2.0,18,3,0,2132825,0
2279,1.0,3,1,4,1837799,21902
1904,2.0,23,1,3,1105092,0
1067,4.0,9,1,0,3440222,0
2307,1.0,6,1,2,596190,14013
1791,2.0,11,1,1,4835800,0
3121,3.0,3,4,2,1305511,0
1608,4.0,7,2,4,613862,0
2200,1.0,2,4,2,3324423,0
634,4.0,2,1,1,936307,0
2141,2.0,10,3,1,4283017,0
2811,3.0,24,3,1,4123849,14679
2890,3.0,1,3,2,4260794,0
2094,3.0,9,1,4,4260653,28624
1330,1.0,19,3,2,2224869,0
820,4.0,16,2,4,2870300,25672
1753,3.0,5,4,2,2167114,14145
2908,4.0,13,2,1,636030,0
2696,1.0,12,2,0,3061006,17504
1448,1.0,22,1,0,2666797,0
3147,1.0,13,2,3,4345331,0
824,1.0,8,2,0,1864962,0
3446,4.0,6,4,3,965644,0
2152,1.0,20,4,3,1451822,13874
2854,4.0,3,3,4,4226551,28464
852,4.0,9,3,4,4456643,0
869,3.0,15,2,4,4895748,0
2428,4.0,22,1,3,1528317,31755
2467,3.0,1,1,3,2596877,0
1595,3.0,9,1,4,2184997,30738
1767,3.0,6,2,2,3706828,0
1889,3.0,12,3,2,4447234,22258
3053,3.0,11,3,4,3108914,22715
749,2.0,17,3,4,1474247,0
1891,4.0,5,2,3,3624043,18752
1161,4.0,5,1,4,1677102,0
732,2.0,18,4,3,900224,30603
1833,2.0,17,2,4,4812020,19506
2159,2.0,14,3,4,1006970,0
1499,3.0,6,3,2,1584975,23405
1239,2.0,5,3,3,1635285,20475
2583,2.0,3,2,0,3424969,16373
1983,1.0,12,3,3,1684366,15008
690,3.0,20,1,2,4935085,0
3428,2.0,21,4,1,3249887,0
1570,1.0,10,3,3,808546,0
2003,2.0,16,3,3,4055471,24454
944,3.0,8,1,1,4457998,13725
2398,1.0,2,3,2,556375,16913
2798,1.0,5,1,0,4067463,0
2437,1.0,13,3,2,1719129,26157
907,2.0,8,4,4,4734475,0
2264,2.0,16,4,0,2011957,0
2494,1.0,24,3,2,1025291,0
2884,4.0,5,4,4,1489326,35556
1593,2.0,19,2,2,4300463,33977
817,1.0,21,4,1,4313327,36564
1812,4.0,8,2,3,2829968,0
989,1.0,11,4,4,1298658,26571
2479,3.0,2,2,4,3612116,28968
1299,3.0,13,3,2,1239234,8387
430,1.0,17,3,2,928133,32206
2505,4.0,20,3,4,3226364,12072
2984,1.0,14,3,3,2111920,0
2478,3.0,5,1,2,2835545,0
3026,4.0,8,3,1,944089,0
1677,4.0,11,4,3,3905400,0
964,3.0,21,4,4,2240845,0
2527,3.0,24,1,1,3228362,22978
2179,1.0,1,1,0,3793688,39173
2114,1.0,18,3,4,3202994,19197
2348,3.0,9,2,0,2809504,0
2597,2.0,15,1,1,1016004,0
2508,1.0,20,4,3,4847964,32635
985,3.0,9,4,3,3343108,13425
1277,2.0,18,4,2,3138284,26607
795,3.0,3,3,0,2478451,0
1704,1.0,14,3,1,4717683,9973
2786,1.0,2,3,4,571137,0
2164,3.0,12,2,2,4139220,0
2909,2.0,5,1,1,1253163,0
2653,2.0,6,2,4,912112,38540
3184,1.0,1,4,2,2096094,0
1348,3.0,18,1,3,2535146,39119
1016,1.0,21,4,2,1900495,0
3330,3.0,22,1,2,4232625,25053
1163,1.0,9,4,2,579109,0
1409,4.0,12,3,2,955239,0
3410,3.0,15,1,4,2079941,0
430,3.0,7,1,4,1590563,0
2829,1.0,13,4,4,620806,15127
3452,1.0,19,4,1,906549,0
2784,1.0,5,1,4,1357152,0
2129,3.0,6,4,4,3147650,0
658,4.0,19,4,2,4536624,29393
651,3.0,20,3,3,3246762,0
1135,3.0,15,1,3,823618,14253
3006,1.0,20,3,2,2552391,32576
1555,2.0,12,1,1,3870893,33161
3270,4.0,16,1,1,4063673,0
690,2.0,18,3,4,3996453,0
417,2.0,5,3,1,4233062,0
2437,1.0,23,2,2,2253000,24823
3427,4.0,15,2,0,2852942,34306
2249,4.0,16,4,4,702121,0
3169,4.0,3,2,4,4660292,19388
1033,3.0,21,3,0,1451155,0
1189,3.0,23,4,2,2171293,24975
1974,4.0,7,4,2,2274909,18124
1523,1.0,23,1,3,4718795,0
3040,3.0,11,1,3,3693072,0
1290,4.0,10,2,3,2886835,0
2358,3.0,14,4,3,4597470,0
1084,2.0,10,4,1,4759064,36361
1323,4.0,10,1,2,2489079,0
2485,4.0,12,1,3,4523332,28897
2635,3.0,9,3,2,653621,0
2765,1.0,23,3,1,1392650,37868
907,4.0,22,1,2,4827038,20840
2968,4.0,19,3,3,3458460,29792
2994,4.0,2,3,1,828656,0
1607,4.0,2,4,3,4673860,36841
2352,4.0,7,4,4,3945234,0
1858,4.0,3,4,2,2906081,21693
1867,2.0,20,2,4,1753848,16796
1253,4.0,7,3,2,4509009,35292
2218,4.0,2,1,1,1941393,0
2967,1.0,22,3,2,1747116,38092
2857,3.0,3,4,3,3967395,0
2936,1.0,19,4,4,4130447,0
1547,2.0,9,4,1,2501090,11974
1960,4.0,10,1,3,3886079,26985
2844,1.0,23,3,1,1307261,0
3324,2.0,20,4,3,3917807,38880
3069,1.0,7,3,0,4890328,0
1804,3.0,1,1,2,1077742,37034
1211,2.0,20,1,3,3980066,0
2132,3.0,19,1,4,1357308,0
2993,1.0,5,2,1,2985447,0
1436,1.0,13,1,4,1115432,0
2155,4.0,8,3,0,4173426,18458
489,1.0,19,3,3,2083851,0
3282,2.0,17,3,3,4355334,32560
1947,2.0,1,4,1,879303,0
1218,2.0,5,2,3,2712994,21672
2077,1.0,9,1,2,907654,0
1842,1.0,22,2,1,1783264,0
641,2.0,3,1,1,1738623,0
2135,4.0,21,2,1,2394612,0
1826,2.0,6,4,0,1755633,38456
3002,3.0,2,3,1,2588339,34811
898,2.0,13,1,3,2239143,0
1121,3.0,6,4,1,2474374,32580
1386,4.0,6,1,0,4119506,17462
3101,2.0,18,2,0,701360,8549
3094,1.0,15,1,4,2255079,33056
1624,3.0,9,1,0,2127675,15037
1141,4.0,8,3,2,3209660,0
909,3.0,8,4,2,4977798,15429
1850,2.0,17,4,2,1798127,0
2713,1.0,10,4,4,2133781,0
3052,3.0,15,1,4,3979683,20411
2516,4.0,24,2,4,3796406,0
1908,4.0,17,3,1,691832,0
2658,2.0,22,3,3,4180422,19190
1617,2.0,8,2,0,4274319,27950
1535,3.0,8,4,3,1669820,0
1820,4.0,6,1,4,1288474,0
872,4.0,24,1,4,1257589,29957
615,2.0,21,2,3,3759161,23252
3380,1.0,10,4,1,1266424,0
1529,3.0,10,4,3,2410872,25576
1019,1.0,5,2,2,4986509,0
2479,3.0,5,1,4,4560979,38253
1544,1.0,2,2,2,1044601,33021
1133,4.0,22,4,2,4370866,31357
3070,2.0,4,2,2,1223026,0
2071,3.0,14,3,4,3687959,0
3280,4.0,18,2,2,4082900,0
1181,1.0,15,2,3,1182148,35064
1911,2.0,9,1,3,4511936,0
1119,3.0,4,3,2,914801,0
2343,3.0,18,3,4,3335109,0
2130,3.0,12,1,3,2360578,0
654,3.0,2,3,2,4191065,0
2928,1.0,6,1,1,1038995,0
2887,1.0,10,1,2,1299534,15552
3280,2.0,17,4,4,1652643,24750
1179,2.0,4,2,4,2637005,28829
3471,2.0,18,2,2,978848,34955
2099,1.0,24,4,4,3029103,16280
2234,1.0,15,2,4,2962507,0
3048,1.0,22,3,1,2418307,19115
971,1.0,17,2,4,1716954,39072
651,1.0,24,4,0,4740821,34803
2779,1.0,1,1,4,786377,33899
1491,4.0,4,1,3,2463667,0
3482,2.0,24,2,0,4365993,0
445,3.0,19,3,0,2075112,0
701,4.0,17,3,2,1661937,28044
3105,4.0,13,3,1,1680365,17413
2821,1.0,21,1,4,3133730,0
1281,3.0,7,3,0,1365485,15554
554,4.0,23,1,1,2270743,39688
1437,3.0,12,4,4,4242180,0
1114,1.0,8,2,2,4450723,0
2471,3.0,18,1,4,561672,0
2853,1.0,12,4,2,1736780,0
448,3.0,11,1,2,2395318,27121
3290,1.0,14,3,4,3860864,0
2006,4.0,12,4,0,2954057,29308
3456,1.0,15,2,2,3842702,32860
544,1.0,1,4,3,4437106,33364
677,4.0,23,3,1,4490614,0
3026,2.0,20,4,4,2047426,26023
2786,4.0,17,3,0,1320317,0
3405,1.0,4,3,3,646830,0
476,3.0,11,4,3,4764527,0
629,4.0,4,2,3,2968694,0
1693,1.0,9,4,1,4199161,39463
3191,1.0,5,2,3,631588,27877
2395,3.0,21,4,1,868209,0
3248,3.0,18,3,4,1775672,21016
2498,1.0,7,2,2,4782205,9960
2533,2.0,5,3,2,4298592,0
2749,4.0,4,3,3,1041604,0
707,2.0,20,4,4,4859369,0
2281,3.0,23,1,2,3988402,18663
2354,3.0,18,3,2,1688369,0
2535,2.0,7,1,4,4002279,0
2957,1.0,9,3,4,1015000,15383
2294,2.0,24,4,3,602407,18920
3479,3.0,19,1,4,4959234,33684
3294,4.0,2,2,0,865056,24878
3310,3.0,5,2,4,2504737,0
1491,1.0,3,4,2,1651769,12576
1091,2.0,18,2,2,1959890,28205
3078,4.0,8,1,0,2955628,13763
2127,1.0,3,1,3,3069636,0
881,1.0,21,4,0,2781306,21785
2222,1.0,14,2,2,1406660,20750
556,2.0,24,4,1,4737550,22769
3155,1.0,20,4,1,1749584,0
2768,3.0,10,3,2,3975474,37487
749,4.0,20,1,4,3293141,0
1116,4.0,3,3,0,2351265,19700
3310,1.0,7,2,3,4394034,0
3330,2.0,12,3,3,4694608,0
3097,4.0,1,2,2,1521671,32797
1617,2.0,21,3,2,3286829,0
2165,1.0,3,2,1,4180335,0
648,2.0,14,1,2,2556094,0
1583,4.0,13,1,1,3125524,0
509,1.0,22,1,0,4039359,0
2874,3.0,8,3,0,3786436,9605
1029,1.0,4,2,0,584418,0
803,3.0,14,1,4,2097390,31496
422,4.0,6,1,0,1441970,0
1805,3.0,16,1,0,1644944,0
2572,3.0,3,4,4,3536158,0
823,2.0,4,2,0,4736328,16934
3193,1.0,23,3,2,1826400,0
3401,4.0,14,3,3,1421759,15013
1499,4.0,23,3,4,2975109,32244
3448,3.0,11,4,2,4077753,23998
2088,2.0,14,2,3,1855204,36046
419,1.0,6,3,4,2551215,26376
1598,3.0,5,1,4,2523871,28018
768,1.0,11,2,4,3934614,10101
863,2.0,9,4,3,580375,0
1731,1.0,24,4,4,2228204,0
2081,2.0,13,1,2,3478905,0
487,1.0,1,4,4,3336648,0
3276,1.0,16,3,1,3381097,0
537,1.0,6,4,2,2361470,8541
2917,1.0,15,4,1,3807738,0
2833,1.0,12,1,4,4103275,9330
1155,1.0,9,4,1,4686198,0
2207,4.0,10,2,1,4969833,11773
2568,1.0,3,3,0,941166,0
1097,2.0,12,3,1,4627685,33662
2287,4.0,20,2,1,721935,18132
1549,2.0,17,4,3,4512165,0
1681,1.0,14,4,0,3151742,0
2311,2.0,21,1,1,4926361,38455
1018,2.0,17,1,2,1948752,0
1424,3.0,16,2,1,1172454,0
1809,2.0,16,2,0,4173812,0
586,1.0,17,4,4,1196122,0
1718,4.0,21,3,1,3128499,0
2689,3.0,8,2,3,4750239,0
1087,2.0,24,2,4,3237493,0
2257,2.0,7,2,4,2883928,0
2518,3.0,2,2,3,4088969,0
2490,3.0,22,3,0,3988669,35159
3058,2.0,7,3,4,1257337,20521
3481,1.0,4,4,2,2334767,0
2046,2.0,13,1,4,1190194,16110
2410,1.0,24,1,4,1396439,0
1567,4.0,17,2,3,3548357,0
1971,4.0,13,3,3,1992600,0
738,1.0,7,3,4,3069118,29746
1763,3.0,20,1,3,897714,21029
3478,3.0,19,2,2,1207951,0
1174,1.0,24,1,2,4397359,0
1185,3.0,4,4,4,4950385,35388
611,2.0,24,2,0,1879876,0
1567,2.0,17,4,0,3173450,8538
512,3.0,19,1,2,3507866,9506
2952,4.0,24,3,2,3258168,31681
1541,1.0,4,3,3,4296378,14604
1352,3.0,9,4,4,2334526,0
2168,3.0,17,4,1,3718529,33169
3382,4.0,22,3,2,1314727,23454
1463,3.0,24,1,2,1154027,22031
531,2.0,1,3,2,3163998,8472
1864,1.0,12,4,2,560056,0
646,4.0,14,3,1,628007,13363
1916,1.0,2,3,3,2186862,11507
1849,4.0,22,4,2,3961306,26453
2125,4.0,13,2,2,4602330,30696
3457,4.0,11,4,3,2127858,0
3212,2.0,14,1,4,3169649,0
839,2.0,21,4,2,3445171,27669
1698,1.0,5,3,2,4025496,0
1089,1.0,23,1,0,1036419,25795
1470,2.0,20,4,3,1169125,0
1414,2.0,2,1,1,3136880,26077
1491,2.0,21,3,1,3395763,0
2548,3.0,17,3,3,2357007,38489
1139,2.0,12,4,0,2547952,23724
2290,1.0,14,1,3,1258240,13483
680,1.0,9,3,2,1028682,0
3346,4.0,18,2,4,4182495,8724
1954,3.0,4,3,1,3563995,39902
1070,1.0,14,2,3,3504349,0
2213,1.0,18,2,4,2017274,19900
1703,3.0,23,2,4,4644735,10873
3470,4.0,24,4,3,503137,32151
759,3.0,20,4,0,2843228,33130
1681,4.0,18,2,4,4332309,32137
2600,3.0,2,1,4,3944219,17267
3284,2.0,9,2,3,3727194,21310
2875,3.0,24,1,4,2244861,11424
2519,2.0,6,2,1,3438267,0
3276,4.0,1,3,1,2721267,29638
2685,2.0,1,3,1,3586994,0
2863,3.0,11,4,3,2125387,9439
1622,2.0,4,2,1,1355035,0
2320,3.0,9,3,0,1520986,0
919,1.0,6,3,2,1300481,39989
2862,4.0,14,2,3,4677363,0
3113,4.0,14,2,3,1365215,14883
508,3.0,9,4,1,2499901,0
1463,4.0,20,3,3,2883353,0
1641,4.0,22,1,2,3825164,0
3399,3.0,1,2,3,1424614,34911
829,1.0,15,3,2,4514258,32085
2972,1.0,1,3,3,1548503,0
613,2.0,23,4,3,2122686,22913
1855,2.0,24,4,1,1604750,0
571,4.0,15,2,3,2244489,0
1374,3.0,8,4,4,3557693,0
1331,4.0,11,2,2,3464721,24246
3228,3.0,10,1,2,4223746,0
551,2.0,11,3,2,3240931,0
1512,3.0,19,4,3,1273818,0
679,2.0,22,3,1,3680248,0
2821,2.0,7,2,3,2000848,0
506,2.0,14,3,3,2572083,0
2215,4.0,23,3,2,4293352,27279
2280,1.0,21,2,1,4507371,31904
2409,4.0,22,1,3,3388612,26188
1918,4.0,11,4,3,1907249,12345
447,4.0,20,3,1,2807562,11629
2184,3.0,21,4,3,4865365,0
1335,3.0,6,3,3,3446159,37351
2024,1.0,13,3,3,1077440,16159
1910,4.0,22,2,0,4862873,10166
1576,2.0,19,3,2,4678716,0
2132,3.0,23,1,2,1159081,0
3485,2.0,14,1,2,2752430,23633
2785,2.0,21,1,2,3477787,20958
2462,2.0,1,4,3,4120811,14687
968,1.0,9,4,1,3664597,0
1703,2.0,10,4,0,679114,11941
860,1.0,20,2,4,4259950,0
2859,2.0,21,4,2,2614662,24438
2540,3.0,23,2,1,4956878,0
878,3.0,17,2,0,1404728,0
1318,1.0,11,3,3,3428767,22824
1589,4.0,21,3,3,4503710,0
3123,4.0,20,1,3,4395300,27429
653,3.0,22,2,2,1914613,15728
2015,4.0,4,3,0,1110445,0
2352,3.0,24,3,0,3575571,19882
2377,4.0,15,1,2,636381,0
2756,1.0,2,3,3,3752683,33314
1063,4.0,21,1,2,3092511,0
2138,1.0,10,4,1,2018547,0
2982,3.0,16,1,1,914607,21512
565,1.0,10,4,2,4979758,0
3160,3.0,24,4,3,2679343,21528
2662,1.0,16,2,1,4864710,0
2587,1.0,10,2,4,1656314,26883
3001,3.0,3,3,4,1417121,8911
1296,3.0,1,3,3,518997,0
469,3.0,2,4,0,2056806,0
1313,4.0,10,2,2,3132852,8175
2216,3.0,7,1,4,4876970,0
1995,3.0,5,4,2,652102,19129
3291,2.0,15,2,2,2552908,0
1435,1.0,3,2,4,1263940,0
1114,1.0,7,2,4,4079054,10455
795,2.0,20,4,4,2386338,0
2228,1.0,24,4,2,2372623,0
1094,1.0,24,3,2,2116773,36617
2162,1.0,2,4,1,2940064,0
3033,1.0,9,2,1,1513568,0
1260,1.0,11,4,1,1310201,38638
3057,2.0,18,1,3,4919077,0
2777,2.0,5,4,1,4154296,26733
1678,4.0,14,3,2,3813335,39667
549,1.0,19,1,4,1968335,31435
2006,3.0,4,3,1,1226961,24153
454,2.0,4,1,2,4930969,0
689,4.0,14,4,1,2178196,0
1893,1.0,14,4,4,985223,24834
1889,4.0,8,3,1,4918353,0
934,1.0,3,1,4,1357549,0
2985,2.0,24,1,3,2867636,0
2221,1.0,23,3,0,1143610,0
2391,1.0,11,4,4,4512485,0
2137,2.0,23,4,2,2569302,0
892,4.0,5,4,2,4073944,13964
3204,4.0,14,1,2,1119550,0
3099,4.0,9,1,0,2960648,9007
3067,1.0,21,3,3,4012518,0
2395,1.0,22,4,4,3029406,0
1830,2.0,5,1,3,2128747,0
949,1.0,6,4,4,1682789,23595
2441,4.0,18,1,0,3715410,31051
1468,3.0,4,1,1,3543788,0
1770,1.0,20,4,4,802863,37174
790,4.0,19,4,3,3570015,0
1531,1.0,20,3,4,2279067,0
1683,4.0,4,3,2,4672518,0
2031,4.0,7,3,2,1012946,0
2111,1.0,2,2,3,2242073,0
2396,3.0,6,3,3,3944072,21257
2568,3.0,17,4,3,2871136,0
1563,4.0,16,2,2,1172837,32240
2544,2.0,14,4,0,4898282,0
2329,3.0,16,3,3,4119112,39352
855,4.0,7,2,2,3744632,19762
579,2.0,5,4,2,3438492,0
910,2.0,21,4,1,1754325,0
451,3.0,5,2,0,658056,0
2447,3.0,11,4,4,4401634,0
2040,2.0,7,4,2,1263466,0
2555,1.0,7,1,4,1146791,36149
2919,4.0,5,2,4,4192720,30600
730,1.0,22,3,3,2800474,0
2327,1.0,21,2,4,4762132,0
1466,4.0,3,4,3,3668699,39475
2009,2.0,2,1,3,1049899,28556
3287,1.0,18,1,0,2987177,0
2005,3.0,2,3,1,2814132,0
591,1.0,9,2,4,515746,0
1762,2.0,11,2,4,3570275,0
1600,2.0,21,1,1,4812567,0
1594,2.0,13,2,1,2849793,17583
781,4.0,10,3,3,3757293,38559
2572,4.0,22,3,4,3757057,16537
3113,3.0,4,3,1,784273,0
1156,1.0,20,3,4,2370907,15968
419,3.0,18,1,2,860760,0
1413,1.0,12,4,1,3282966,24144
1143,1.0,6,4,3,1811587,27978
619,2.0,7,3,1,3029881,0
2259,3.0,3,3,1,3141347,0
2665,3.0,15,1,3,1559295,0
962,3.0,14,3,2,1495718,12828
2946,2.0,16,4,0,2130442,26421
2345,1.0,24,2,3,1695780,29210
2666,4.0,11,4,3,3317026,23411
1773,2.0,23,2,2,4448816,0
2820,3.0,4,2,0,1351782,0
1733,4.0,13,3,4,705246,30178
2841,1.0,16,2,4,3966647,0
2214,3.0,24,2,0,2179170,0
3306,3.0,8,1,4,2208733,0
2284,4.0,16,3,1,2407551,13180
1543,4.0,9,4,3,794209,0
1353,4.0,8,2,3,4572282,0
1265,4.0,22,4,1,596028,0
2398,2.0,24,4,4,2557816,0
2830,4.0,5,4,4,2068200,0
3479,1.0,20,2,4,4864891,12265
528,3.0,1,3,0,4492232,0
2528,2.0,22,1,4,2549673,19139
965,3.0,2,1,4,1247578,0
1793,3.0,22,3,2,3134963,20614
871,2.0,21,3,3,2478426,0
1969,1.0,13,3,4,731840,0
1248,3.0,14,3,0,2001844,0
2817,4.0,18,4,2,4469731,0
1102,4.0,4,4,2,2714825,27070
2569,2.0,6,4,3,1645753,32221
1622,3.0,3,4,1,1540465,0
1123,3.0,13,3,2,2807027,11341
1012,1.0,20,3,2,4605819,19335
2535,3.0,2,1,2,2680767,30817
980,1.0,23,2,2,1369317,0
2872,4.0,13,3,3,4357826,0
2796,2.0,8,3,0,3327335,21642
3067,2.0,4,3,4,2640773,24423
2012,4.0,6,4,2,4498258,0
853,3.0,23,3,2,1598597,28627
2296,1.0,21,2,3,3237104,0
460,3.0,11,2,1,2625053,38606
3194,3.0,17,4,4,1468379,31704
3204,1.0,17,1,1,3758174,0
3254,2.0,16,3,1,2694961,37679
2504,3.0,11,4,0,3662933,25723
905,1.0,12,3,4,2377320,37984
593,1.0,17,3,1,4270603,0
2209,4.0,15,1,2,4512622,0
2427,2.0,7,4,2,2959272,28408
2202,3.0,14,4,1,3390188,31808
3448,1.0,20,2,3,1874340,28233
1250,1.0,21,1,4,1352515,28103
542,3.0,2,3,0,704516,0
2140,2.0,4,3,4,846405,20692
3186,2.0,18,3,2,630107,0
1949,4.0,24,3,4,2314074,0
2369,2.0,24,1,4,2231804,15723
923,4.0,9,4,4,3829556,39797
2081,2.0,2,1,4,1251600,39619
2189,4.0,7,1,4,3903205,0
3472,4.0,7,4,0,2700366,0
1815,2.0,5,1,1,836305,32693
523,4.0,15,3,3,1487753,0
2147,1.0,8,3,3,4370929,8643
2223,4.0,13,3,3,1536179,0
1046,3.0,9,3,1,3642248,0
1373,2.0,5,2,4,4851227,0
1137,2.0,8,1,1,2496887,0
1285,1.0,16,1,4,3086902,0
1614,4.0,24,2,4,4908023,0
1095,4.0,7,2,1,1701772,0
1499,4.0,15,1,2,4039842,0
2899,1.0,13,2,2,1527358,22201
625,1.0,19,3,4,1523522,0
666,4.0,13,3,1,2992410,25502
1182,1.0,19,2,3,3508638,0
1863,1.0,18,4,1,4574240,13935
2869,1.0,2,2,4,4079898,0
3379,2.0,2,1,2,1846236,0
2267,1.0,1,2,2,4704012,0
3472,2.0,24,3,3,2799254,30950
781,4.0,4,2,3,3417471,0
2768,4.0,11,4,2,1371510,8649
1442,3.0,6,4,2,2489902,38148
2102,4.0,13,1,2,1776438,0
644,3.0,9,1,0,3500205,28704
1921,3.0,7,4,2,734050,0
697,1.0,14,2,3,1700405,0
798,2.0,1,4,2,1470568,38387
3011,4.0,11,1,4,3873703,0
742,2.0,10,2,3,4352806,21533
2689,1.0,1,3,2,1396464,37185
969,3.0,6,4,1,4045037,0
2324,1.0,1,3,3,3691726,0
2547,4.0,8,3,4,3929701,15042
3336,4.0,9,3,1,4016992,13802
3067,1.0,19,3,0,3606682,22979
3325,3.0,8,4,2,4971519,0
2694,3.0,6,3,2,722270,0
615,3.0,15,2,2,2043191,32914
2226,4.0,10,1,0,4086484,0
2996,1.0,18,2,1,4496589,0
2364,4.0,18,1,3,1118833,0
1182,4.0,9,1,4,3160942,0
907,4.0,9,4,2,4812931,0
2554,3.0,11,2,4,676748,10810
3358,1.0,22,2,2,3794135,0
1290,3.0,4,2,2,3567604,0
3134,2.0,1,2,3,1971500,16710
2376,3.0,6,2,4,3711167,0
3106,3.0,10,3,1,4512646,0
1778,3.0,18,2,4,3784961,0
3223,4.0,9,3,2,3750548,20581
2915,3.0,3,3,1,2720275,31763
508,4.0,10,3,3,3350632,0
3466,2.0,21,4,3,4473465,31817
1507,1.0,14,3,0,3464446,33781
1593,1.0,13,1,2,2035528,26648
873,2.0,14,3,1,759730,0
2136,3.0,2,1,3,3677977,30716
2250,1.0,23,1,3,2145624,17563
2076,1.0,19,1,4,2754099,25730
1749,3.0,21,3,2,3001107,15285
1731,3.0,21,1,4,4771750,34219
2437,1.0,7,3,0,623673,0
562,3.0,24,3,1,3260022,25649
2490,1.0,17,2,4,3231794,0
2911,2.0,17,4,0,3638285,33089
3204,3.0,21,2,4,1184512,0
2384,1.0,4,4,1,3813219,0
3392,3.0,1,2,4,1145497,20084
1576,4.0,17,2,0,1136144,0
1732,1.0,1,1,1,4273604,0
2203,3.0,9,4,1,3473922,32642
3007,1.0,5,2,3,2286274,15708
1165,4.0,1,1,1,2316842,13870
3452,2.0,12,1,3,3835332,0
2531,3.0,5,1,3,3822557,16063
2894,2.0,2,2,1,2633036,0
3449,2.0,5,3,2,4444446,38159
2588,2.0,12,1,2,597498,28708
1324,1.0,20,1,1,2905912,15491
2110,1.0,11,3,0,2767592,0
998,1.0,6,2,4,1857736,0
1431,4.0,1,2,3,4190111,0
2724,4.0,17,1,1,2393291,0
2785,4.0,10,3,1,2382252,0
1609,4.0,18,2,3,3488084,0
2260,2.0,19,4,1,1576447,18273
994,1.0,15,1,2,547704,0
2636,1.0,15,4,1,1088420,38456
2625,4.0,10,4,2,896928,25664
1898,3.0,2,4,3,2034723,0
1766,3.0,21,2,1,1392951,0
1487,3.0,18,1,4,2909802,0
2434,4.0,18,4,1,4317569,0
2252,4.0,24,1,3,2363744,0
1077,3.0,21,1,0,3910890,0
2059,1.0,15,1,4,2500902,0
2401,3.0,11,4,3,4072999,33004
2673,1.0,3,2,4,1296212,0
2776,3.0,13,2,4,2776085,35372
1022,3.0,11,1,1,4269969,9495
2170,2.0,13,3,2,4932686,0
2460,4.0,13,1,4,1036066,0
2136,3.0,9,2,1,1760024,0
3412,4.0,20,4,3,1658329,38222
2329,3.0,18,4,3,3731378,31289
2938,4.0,1,3,1,3834211,0
2630,3.0,15,3,2,890679,0
1596,4.0,9,1,4,853652,19560
2795,1.0,22,3,0,4495651,0
2747,2.0,22,3,2,2258696,0
1187,3.0,7,4,3,3464227,29406
2213,3.0,2,3,0,4357057,32306
3425,1.0,7,4,4,3401704,0
2685,1.0,18,3,3,1219948,0
3492,2.0,9,2,2,3054646,0
2802,4.0,18,1,2,4661002,0
423,1.0,4,4,2,776989,0
3460,1.0,15,2,4,3622970,38993
2477,3.0,4,4,4,2828721,0
1780,2.0,1,2,3,1853504,37461
2973,3.0,3,2,2,4672783,0
1819,4.0,12,1,3,596107,0
3079,3.0,7,2,1,4852021,0
2871,2.0,18,2,4,2314648,19091
2948,2.0,18,2,2,816672,16936
3352,1.0,15,1,4,3539040,8784
1542,4.0,24,1,3,2137240,37633
2912,4.0,2,1,0,3143690,0
3081,3.0,9,4,1,2695427,11135
923,3.0,6,4,1,2562273,30135
700,2.0,17,2,1,1617324,21970
1281,4.0,12,2,2,3483310,0
1847,1.0,10,1,4,3383798,15499
2671,2.0,10,1,3,3585862,18239
3406,2.0,11,4,3,3741465,39376
1314,2.0,13,3,0,4096774,0
2626,1.0,14,1,4,810026,0
1331,2.0,1,4,2,2328816,12951
2477,1.0,20,4,1,986493,29500
2421,3.0,13,3,4,3013966,32844
2611,1.0,21,3,1,2772627,0
2553,4.0,10,3,1,2097247,0
989,2.0,10,3,0,3387876,0
818,4.0,14,2,0,2359131,0
836,1.0,8,1,3,2252673,29972
2364,4.0,21,4,1,1208901,0
706,3.0,4,4,1,3255627,36187
3191,1.0,7,2,3,1223042,16880
1019,1.0,21,3,0,2033724,0
1395,3.0,22,2,3,1164232,12529
751,3.0,2,4,0,3261020,17653
2419,4.0,7,4,3,3779435,15812
1191,3.0,14,1,4,4520859,0
3318,4.0,9,1,3,4903809,0
1970,2.0,19,1,3,4835639,8991
2066,3.0,17,1,4,2269568,0
1177,2.0,19,3,0,4293363,23846
1470,3.0,9,4,1,3287784,0
861,1.0,21,3,0,4080616,0
1437,1.0,22,1,3,2834163,0
2869,4.0,5,4,2,2754595,23918
1865,1.0,3,2,2,4422839,37043
1671,3.0,1,3,0,4471229,27660
758,1.0,7,4,1,3160344,35638
1962,4.0,1,3,1,3351874,31953
647,1.0,22,3,1,4688553,10261
2499,2.0,19,4,3,528217,0
914,2.0,5,4,4,3784363,39798
1209,4.0,12,2,4,3287207,36703
2574,1.0,21,4,4,2266751,0
2979,3.0,17,3,3,4408729,0
2887,2.0,3,1,1,4734813,34000
943,3.0,4,2,4,4709688,35799
612,1.0,5,2,4,4029390,0
588,1.0,21,2,4,3566429,0
1771,1.0,14,1,4,3047290,0
2514,1.0,19,1,2,857771,0
1564,2.0,5,3,4,3367283,35816
2448,1.0,16,4,4,2807498,27778
1061,4.0,17,3,0,4746375,29092
825,3.0,13,3,1,507038,0
2981,4.0,17,2,3,1505298,0
2446,3.0,11,2,2,513106,0
2347,4.0,24,4,0,528741,36489
575,3.0,21,1,4,1562390,0
1188,2.0,18,4,1,1176701,11514
1792,3.0,23,4,1,3039661,12538
792,3.0,10,3,3,3105775,38853
1339,4.0,2,1,2,4826976,0
3246,2.0,12,1,3,1831167,12482
2807,1.0,16,4,1,1046500,16805
1285,2.0,10,1,4,4862358,0
3272,2.0,8,2,1,4854183,38236
1940,1.0,8,2,3,3586979,22589
1051,1.0,11,3,1,4208506,0
685,2.0,23,4,1,3398541,0
3227,3.0,4,2,2,2689449,33149
1168,4.0,7,2,4,4599027,0
1447,1.0,13,1,3,4593074,0
3114,3.0,2,1,2,3821780,25431
562,4.0,9,4,3,736549,27298
3494,3.0,2,4,1,887879,11261
1263,1.0,8,1,0,1562147,35995
831,1.0,16,2,4,1799448,0
1523,1.0,10,3,2,4799884,35714
880,3.0,20,2,2,3338901,31799
1904,2.0,21,3,0,4148903,0
675,1.0,24,4,4,1312371,0
1192,3.0,16,3,1,2312893,0
935,4.0,8,3,1,1767986,37361
1556,1.0,17,2,4,1100264,31401
1010,4.0,1,3,3,2592596,27019
2373,2.0,8,3,2,2074741,0
1470,2.0,8,2,2,1259490,0
3236,2.0,4,4,1,3525206,21434
3157,4.0,21,4,4,4957338,0
2157,1.0,2,1,3,4923501,0
1114,4.0,8,4,3,4663385,17066
1462,1.0,24,2,4,3021919,0
929,1.0,3,2,3,2702795,9008
626,4.0,10,4,2,3020409,28363
1142,1.0,13,4,1,2124579,20919
1772,3.0,9,4,2,3615162,24733
563,2.0,7,3,4,3072930,15600
2996,4.0,15,3,4,2796622,0
1979,3.0,8,3,3,810466,24739
493,3.0,16,3,0,3545150,0
1585,2.0,17,3,2,2326106,0
2389,2.0,22,1,2,2724922,0
3059,3.0,6,4,3,4851376,0
1706,2.0,18,4,2,3082737,18998
2753,2.0,21,4,2,671365,0
891,1.0,10,1,0,4877674,26355
1019,2.0,3,4,2,2977849,30280
741,4.0,8,4,0,4085139,0
584,3.0,5,1,0,1163103,8846
2333,1.0,22,3,2,4178170,0
872,3.0,12,4,1,4387811,35922
1645,1.0,9,2,0,4392338,0
815,2.0,9,2,4,2561034,26619
2200,3.0,21,3,0,529050,0
486,2.0,6,1,3,1621142,36222
2568,2.0,21,1,0,2850350,0
1544,4.0,15,2,3,3409772,0
2238,3.0,11,4,3,4024526,0
1612,2.0,22,4,1,4582976,24814
2592,3.0,2,1,3,1858657,22999
1609,2.0,7,3,2,1775251,0
3318,1.0,20,1,2,1756891,0
2323,2.0,10,4,2,2744596,0
3060,3.0,8,2,0,1802039,33369
3465,2.0,19,4,2,1993535,0
3245,3.0,22,1,4,3073663,23585
1498,3.0,3,1,2,4883634,8246
1718,2.0,10,4,0,3430812,15428
1875,4.0,2,2,1,1793918,36828
3353,2.0,10,2,1,3485718,0
2521,2.0,9,4,4,848148,0
1703,4.0,15,1,1,2939778,0
858,2.0,13,1,1,1154792,34128
442,3.0,5,2,1,1148431,0
784,2.0,15,4,2,3644546,28555
2343,4.0,8,4,2,590857,23338
1985,4.0,9,4,2,4467322,20919
1518,1.0,11,1,3,1031798,13434
1437,2.0,18,4,1,3107961,0
2127,4.0,3,3,1,2489860,15593
2238,2.0,18,4,2,1806046,0
645,2.0,20,1,2,3665178,0
3164,1.0,2,1,0,2705413,0
1466,1.0,19,4,3,3262762,9632
2006,3.0,14,2,3,2764825,0
1049,2.0,17,4,3,1015710,0
2630,4.0,5,1,1,2388508,36450
3076,1.0,15,4,2,4717400,0
2199,1.0,16,2,2,3804038,0
3227,1.0,7,4,1,1238652,27143
1691,1.0,12,1,1,3987973,0
2460,2.0,19,4,4,3407789,0
1141,2.0,12,2,3,1525921,0
819,2.0,16,1,2,3778253,24572
2409,2.0,12,3,1,1512977,0
1160,4.0,24,1,4,2183030,0
1997,3.0,1,4,3,3572735,26017
2961,2.0,12,2,3,778750,0
3308,4.0,6,2,3,4940449,28620
2031,2.0,16,4,4,4448596,0
3226,3.0,4,1,1,579829,9272
958,4.0,17,1,0,1714131,0
3493,1.0,20,4,2,3024363,0
443,2.0,3,3,3,905586,0
2955,4.0,20,2,1,838959,0
1447,4.0,9,2,3,3418985,34961
2829,1.0,17,2,3,3600725,0
1541,1.0,19,4,0,3121884,0
524,3.0,17,4,2,2117175,0
2624,4.0,10,1,1,2423263,21421
2211,4.0,21,4,3,991535,29288
1039,4.0,14,2,2,2804952,0
2284,3.0,17,2,1,3714236,24688
582,3.0,11,4,2,3177473,0
1410,4.0,23,1,3,2993428,34120
3388,3.0,19,4,3,1354843,0
2717,3.0,14,2,2,2070873,0
2801,1.0,12,1,3,1062872,21916
3171,3.0,13,2,2,2282646,0
2307,3.0,21,3,4,3897265,9930
2002,4.0,12,3,3,1113458,0
2996,3.0,1,4,4,4441656,0
2927,2.0,8,1,4,3128097,0
1386,1.0,19,4,4,2300229,0
2136,2.0,2,1,0,4518642,18728
2339,1.0,15,3,1,3003664,19512
3330,3.0,11,2,3,2236395,0
2459,1.0,2,3,2,1376405,23001
1220,1.0,20,3,4,1352610,0
2087,3.0,5,1,0,3287650,0
1818,3.0,19,4,4,2465517,0
2305,3.0,17,2,2,2703397,20798
2387,3.0,5,4,2,2521800,17576
2600,3.0,23,2,4,2391448,31028
1338,2.0,23,2,1,4479563,12102
747,3.0,19,2,4,568037,0
2050,4.0,2,4,4,2137754,15813
2487,4.0,7,2,2,1749097,9287
1638,3.0,17,1,2,1937794,0
419,1.0,11,3,2,3730332,34178
518,4.0,17,4,0,3716370,37277
3482,4.0,3,1,2,1613402,0
897,3.0,7,4,0,4581058,0
1673,1.0,14,1,0,3817320,32203
3134,4.0,19,3,1,3989408,0
1040,1.0,5,1,3,2525318,0
2588,4.0,14,4,4,2559488,0
811,4.0,7,4,2,744508,9413
3422,4.0,22,1,4,1906079,0
2293,4.0,11,3,0,4782900,35796
2390,4.0,16,3,2,1081643,0
3260,1.0,24,4,4,1212847,0
3102,2.0,21,2,1,4219834,0
2884,4.0,21,3,4,2963574,33385
582,1.0,24,2,1,1319065,0
1163,4.0,8,3,4,1507355,0
922,2.0,5,4,4,2242236,0
938,2.0,16,2,3,789138,15056
3271,1.0,22,1,3,1625382,10218
479,1.0,4,3,1,1046003,32070
3467,2.0,19,1,2,4607568,0
1136,4.0,19,1,4,4408470,33193
3340,4.0,15,3,4,1061484,0
2591,2.0,6,4,3,1902157,31314
1488,3.0,1,3,2,4702345,10773
1794,4.0,22,3,1,843915,30610
3327,4.0,11,4,1,599037,23286
3159,2.0,8,1,1,3056922,34580
2736,4.0,23,4,4,4058075,0
1088,1.0,3,4,0,1356715,26997
2629,2.0,4,1,2,2364237,0
933,1.0,8,1,2,3458833,33613
1225,3.0,14,1,2,2354638,19177
1579,2.0,2,4,2,567796,0
1529,3.0,13,3,3,931823,23799
1723,3.0,9,2,4,3736457,0
1305,2.0,11,1,2,2210345,18749
2255,3.0,4,1,0,3111283,35758
2732,1.0,16,2,4,1130543,0
1694,3.0,18,2,0,1133406,10839
627,2.0,11,2,3,1091652,0
2132,3.0,11,4,2,4444123,0
1283,3.0,15,2,4,4779224,0
713,2.0,18,1,3,3341556,0
483,3.0,14,1,2,618411,0
774,2.0,9,1,2,3477008,0
923,4.0,12,2,2,4735510,23440
768,1.0,4,4,2,1884977,0
547,4.0,21,2,3,2043729,0
2883,3.0,11,2,0,3624098,11385
833,4.0,16,1,1,781679,0
457,3.0,1,4,4,986153,35883
854,4.0,11,4,2,1950044,31627
1285,4.0,11,2,2,2909006,0
782,1.0,10,1,4,4084606,0
3049,4.0,1,2,4,2176733,22640
3210,1.0,10,3,4,4956438,39433
941,4.0,17,3,1,2700436,0
1221,4.0,6,3,4,3662209,22573
971,4.0,17,3,3,3872327,0
3390,1.0,12,4,2,1211183,28410
539,2.0,6,1,3,2213768,0
2435,1.0,1,1,2,2351031,15572
2679,2.0,15,1,3,2776721,0
2811,2.0,1,4,2,1702597,0
1970,2.0,11,4,4,697351,0
3386,3.0,18,2,1,2018034,22159
2621,1.0,9,2,2,3710539,33916
1350,2.0,22,3,1,3884749,33878
1780,1.0,22,4,0,4777146,0
2420,1.0,10,3,2,585099,33764
882,4.0,23,4,2,4210295,15340
792,1.0,9,2,4,3217621,10620
2411,1.0,7,2,4,765712,38085
2149,4.0,3,3,1,3598890,27451
1691,3.0,7,3,1,4293504,36223
2480,4.0,12,1,1,686656,0
724,1.0,17,2,4,995669,19143
1019,4.0,18,1,4,1394135,0
3346,4.0,14,1,1,2998000,0
2404,4.0,1,4,3,2975415,34041
1327,1.0,11,1,4,771524,28509
2739,4.0,12,1,1,3547694,0
3118,4.0,6,3,4,1782150,0
3089,2.0,10,1,2,4449086,0
1085,2.0,11,2,3,594285,39754
1687,1.0,11,4,1,4527965,33003
737,3.0,7,2,4,1876514,12286
2688,1.0,16,1,4,2449513,0
3155,4.0,16,3,4,3014587,39843
908,2.0,10,4,2,4623894,25114
1267,4.0,24,1,1,3773081,0
2355,4.0,4,1,1,2521727,19139
745,3.0,15,2,1,2007539,17680
2882,2.0,22,3,3,860331,21370
2690,1.0,5,2,4,2699472,25313
2738,2.0,19,1,4,4847847,0
2697,1.0,19,2,2,865402,9276
2716,2.0,13,4,4,4005938,0
815,1.0,8,4,1,3390198,18444
886,2.0,11,3,3,3202087,28566
1898,2.0,3,2,1,2534789,0
819,1.0,24,2,1,4415677,0
1633,2.0,11,2,1,961575,33205
1579,3.0,6,1,0,1119316,14957
1612,2.0,21,4,2,931263,28772
3216,3.0,8,3,2,4153107,26381
1701,4.0,23,2,4,2421031,0
1582,1.0,14,4,3,3304185,25333
3305,2.0,11,4,4,3793292,25335
3153,2.0,9,1,4,3227889,20184
1729,4.0,12,1,1,1933946,17133
1621,3.0,23,2,2,3438156,33719
3353,2.0,24,2,3,4976667,0
957,4.0,12,2,3,4334316,0
3014,2.0,15,1,1,916499,0
3185,2.0,23,3,1,4862764,36027
1722,4.0,4,1,3,1508417,0
2859,2.0,21,3,1,1193620,0
2857,1.0,15,2,2,4421547,9294
919,4.0,14,3,1,1528686,34810
877,1.0,4,1,2,1890476,0
2411,1.0,14,4,4,4076977,33480
675,3.0,24,1,3,3701651,0
2200,3.0,3,1,0,2439597,0
1817,1.0,18,3,3,2414508,36196
3319,3.0,16,3,4,2270586,0
3006,3.0,10,3,4,1613951,9458
3284,2.0,15,3,0,3649887,11414
2247,2.0,1,1,2,2467104,34037
1396,3.0,5,4,2,3684471,0
958,1.0,20,2,1,4777603,0
2720,4.0,14,2,2,4772108,14954
2185,3.0,3,3,2,3591377,26581
1850,2.0,7,1,0,3791751,0
2867,1.0,9,1,3,2997515,23601
3382,3.0,13,2,1,771854,0
2629,1.0,7,4,1,2512178,11957
615,1.0,22,1,4,2960413,17547
1924,1.0,21,4,0,3011699,35410
1388,4.0,17,4,4,4748299,36774
714,1.0,12,1,3,4392035,15131
1689,3.0,9,4,4,3598745,37904
2645,4.0,8,4,4,1763748,0
1391,4.0,24,2,2,1273178,37371
1119,2.0,5,4,4,2969907,19754
1508,2.0,2,1,2,518998,17545
1143,3.0,3,4,2,3800851,0
845,2.0,6,1,0,3233868,15330
2353,3.0,14,2,3,4938101,38130
881,3.0,1,1,3,566392,16010
535,4.0,7,1,2,1452051,0
880,2.0,3,4,0,3096197,18065
2409,3.0,18,2,3,4819571,37291
2460,1.0,10,1,4,1305499,37445
2984,1.0,2,1,1,2781978,0
2582,2.0,14,3,2,1907958,0
2910,3.0,9,2,4,2598871,0
2366,4.0,14,4,1,4600011,11556
3190,1.0,4,3,0,1609718,36897
1365,4.0,2,2,2,1645843,25421
1735,4.0,5,2,2,2939964,0
1160,4.0,22,2,0,4848100,19451
1157,4.0,13,1,1,4385238,0
2717,3.0,10,2,1,3552814,0
1665,2.0,1,4,1,2535008,0
1354,3.0,18,2,3,4286942,8675
1158,2.0,6,4,0,2364202,0
1712,2.0,2,3,0,4827934,0
699,3.0,23,4,3,4958259,32790
2931,3.0,8,1,1,4674472,0
1555,2.0,2,2,4,4394947,28005
2108,3.0,7,3,2,760948,0
1908,4.0,24,3,4,3353074,13299
2518,1.0,5,2,1,786113,0
2618,3.0,22,2,1,4040211,0
2725,3.0,17,3,0,3754544,0
2088,3.0,8,4,4,1194602,17057
3347,1.0,4,1,4,4420681,24260
3420,3.0,24,1,4,2678739,36832
2245,3.0,9,3,1,4736400,0
2389,2.0,6,3,1,1087677,16331
746,4.0,8,2,0,1689826,0
2161,1.0,23,3,4,1521250,0
1978,3.0,15,3,3,4731468,0
2475,3.0,19,2,1,3186802,0
2698,2.0,6,2,0,1245689,0
698,1.0,1,2,4,3661332,0
3171,3.0,3,4,0,3801936,25551
534,2.0,5,4,4,2365062,12440
512,4.0,24,2,1,3118412,9359
1295,4.0,1,2,2,1319319,0
2252,4.0,3,3,4,974145,34681
2049,4.0,20,2,1,4671467,38441
1931,1.0,13,1,3,2597554,0
508,3.0,15,2,3,1621278,37554
442,2.0,14,3,1,2156127,16173
531,3.0,16,2,4,1280134,24231
1084,2.0,10,4,3,4171302,15456
3255,4.0,22,4,4,4472019,24737
3384,4.0,1,1,0,3265554,29743
2934,2.0,19,2,2,4640737,35654
2843,3.0,18,2,4,1012326,0
2733,3.0,20,2,0,3771241,0
1475,2.0,17,2,4,1828855,28167
926,3.0,20,3,2,4290040,34865
1848,2.0,14,4,1,3270120,37748
2671,3.0,24,3,3,3114881,0
1342,1.0,16,3,1,534292,27198
1574,3.0,17,2,3,4526181,0
951,1.0,19,3,2,3246184,0
1043,2.0,3,2,1,4114825,15328
2583,4.0,19,2,2,3720138,0
3359,4.0,2,3,0,4512151,18787
726,4.0,13,3,4,2584285,24179
2943,2.0,11,3,4,4472911,16846
1880,3.0,11,2,0,2388320,0
2020,4.0,14,2,3,943866,29289
3071,4.0,9,4,2,3500817,0
2270,4.0,22,1,1,2878317,29212
3182,2.0,11,4,2,4026240,33343
2253,4.0,21,3,1,2904838,0
3125,1.0,9,4,1,2382087,0
1471,3.0,1,2,1,3126090,27677
1409,1.0,3,3,4,4451477,0
2723,3.0,3,1,3,2126409,0
1754,3.0,14,4,2,820534,0
3122,2.0,12,2,2,4159550,0
741,1.0,16,4,2,3849306,11012
3336,3.0,12,2,1,824034,0
2072,2.0,14,1,1,2093144,0
769,4.0,8,3,3,2392932,0
751,1.0,11,2,2,4311821,0
1458,3.0,1,1,2,3737178,9309
1593,3.0,23,2,2,2878429,13505
1435,2.0,9,4,2,1056170,0
1054,1.0,8,1,3,3051627,0
3458,1.0,16,4,4,3950808,0
1501,2.0,18,3,1,4533740,0
2210,4.0,24,2,2,1155311,15716
2607,1.0,13,4,4,3901371,0
2886,4.0,10,3,4,2063667,26476
2218,4.0,20,4,4,3420697,12501
898,4.0,9,4,4,4901469,25486
1124,1.0,2,1,4,2585324,0
3395,1.0,7,4,1,3673167,0
713,3.0,17,1,4,2967200,0
1304,2.0,20,1,4,1852086,30963
2083,4.0,14,3,1,1626883,0
2361,4.0,5,4,3,1833762,22922
1210,3.0,6,2,0,2724509,0
1146,2.0,11,1,3,3071452,0
1420,4.0,4,1,3,783656,0
1259,1.0,7,3,2,3206563,0
3453,4.0,14,1,1,4458090,9514
1141,4.0,15,1,2,2436071,9988
1130,1.0,2,4,1,1090147,0
2133,4.0,22,2,0,2997112,27219
1446,1.0,8,1,2,4793553,25170
873,1.0,1,4,3,1598183,27208
497,4.0,11,2,1,3773346,20152
2299,3.0,17,2,4,1247751,0
2332,1.0,5,3,1,3819110,27875
2245,2.0,8,2,3,1991828,0
1189,4.0,9,2,3,2800555,0
1881,3.0,1,3,0,3866594,18384
1576,2.0,24,1,1,4078609,0
2871,1.0,8,4,0,4334268,0
3000,1.0,16,4,4,4050090,0
1779,3.0,12,1,3,2534519,28046
643,1.0,12,4,2,4122900,25662
1322,2.0,4,4,3,2998112,38592
1527,1.0,18,3,4,4416868,35598
2429,3.0,6,2,2,3779945,32177
2533,2.0,21,3,4,2557475,0
1989,2.0,24,4,1,2526666,0
3088,3.0,15,1,3,1949072,0
466,4.0,4,4,1,4493465,23638
3229,3.0,13,4,2,3061409,22248
2068,2.0,14,3,1,3855397,0
455,3.0,18,4,2,2015294,0
1614,4.0,13,4,2,1273279,37779
3447,4.0,2,2,3,3809593,39658
2836,2.0,4,4,2,4116568,0
2587,2.0,10,1,3,2115879,0
3036,1.0,5,2,2,4222814,0
1303,4.0,4,3,1,3461215,9899
3181,4.0,5,2,3,4112086,32103
2567,3.0,4,3,3,4622151,34960
2312,2.0,1,2,3,4611251,34438
3338,3.0,11,1,2,1488138,0
738,3.0,24,4,4,2932042,29514
766,3.0,13,2,0,4034214,0
2746,1.0,12,1,2,1827208,0
2219,1.0,21,3,0,1520395,0
509,2.0,11,3,1,1857672,0
3322,4.0,22,3,4,1842765,29734
1476,4.0,20,4,1,780831,0
3314,4.0,8,3,2,601522,38230
3122,4.0,8,1,4,748965,34996
1048,1.0,23,3,3,1374050,30709
2209,3.0,3,3,0,2421046,32425
2352,1.0,24,3,1,4803429,0
2879,2.0,15,3,2,2167952,0
2971,4.0,19,4,3,2423801,0
877,3.0,12,1,1,823785,32068
3448,4.0,17,1,4,3927033,35425
2479,1.0,3,2,4,2752870,30926
3243,1.0,8,3,1,2820531,16656
1349,2.0,6,3,0,3031573,37115
2059,3.0,8,2,4,4722106,10184
2003,2.0,6,4,3,1288301,0
3003,1.0,20,2,1,3576786,0
762,3.0,23,3,1,3534278,0
1805,1.0,4,2,1,781504,0
1222,3.0,8,2,3,1873731,0
1401,4.0,19,1,4,3177570,0
2168,1.0,23,1,0,2546026,0
3342,4.0,19,4,2,1145725,26488
3289,2.0,10,3,3,4359400,26509
536,3.0,17,3,2,572476,12414
2412,4.0,2,3,3,1383550,32446
2150,4.0,13,1,1,2772103,10773
2056,1.0,13,1,3,2177863,0
2252,1.0,10,3,0,1237047,0
3318,3.0,7,4,2,4076965,11009
1523,3.0,22,2,3,4122589,0
2704,4.0,9,2,2,4546611,9197
3490,2.0,8,4,0,1299938,0
2792,3.0,2,1,1,4536502,23225
1537,1.0,6,4,2,2262743,0
3229,4.0,14,4,1,1538382,0
2619,1.0,16,1,3,2011815,8900
2492,2.0,12,3,0,959644,0
2280,3.0,4,3,1,1096823,26366
885,1.0,3,1,1,1593415,32954
2034,2.0,8,2,1,3329969,8075
2030,2.0,9,4,3,1963954,0
2005,1.0,19,2,3,3635166,29091
1131,2.0,21,2,4,641343,0
2359,3.0,10,4,4,3535880,0
3132,2.0,1,1,2,3985699,0
1280,4.0,6,2,2,2340926,39166
2149,4.0,8,3,3,805155,0
1273,3.0,19,2,2,3777039,27542
1795,4.0,6,1,4,2859640,0
1717,3.0,15,1,4,4391273,0
2818,1.0,5,2,1,2078229,0
492,4.0,15,2,1,1949515,0
725,3.0,6,3,4,568972,0
916,2.0,3,2,2,1530932,0
1962,3.0,10,4,1,1584404,0
1626,3.0,18,1,3,3626434,27456
1485,2.0,6,1,0,1655194,30459
1760,1.0,24,1,3,4436044,37574
1073,2.0,14,4,4,3446092,0
510,1.0,9,2,3,1206835,29777
741,3.0,20,2,3,2790058,29354
813,4.0,12,2,4,2650354,0
2736,2.0,6,2,1,2459040,0
1816,3.0,13,4,0,2222173,0
2211,2.0,2,3,2,3611400,0
3117,3.0,21,1,3,2863396,18472
1568,2.0,7,4,0,3499196,27596
431,4.0,4,3,4,3276664,0
2333,2.0,3,4,1,2901967,0
2934,3.0,20,3,4,3450156,0
1016,1.0,3,2,0,2013984,8492
1893,3.0,11,4,1,3890123,0
3114,2.0,18,3,1,4676764,36120
955,2.0,19,2,4,2178026,39769
3379,2.0,2,4,4,2042938,0
1541,2.0,8,3,1,1248819,0
485,2.0,16,1,3,4291008,0
3320,3.0,16,3,2,1994360,0
2726,2.0,13,4,1,1802537,0
2114,4.0,13,3,2,4143511,0
1529,3.0,12,4,2,695959,0
1417,2.0,17,3,4,1509271,0
2067,3.0,6,3,3,4868056,0
3013,3.0,4,1,4,2316072,0
1572,4.0,23,3,4,2259066,0
3409,1.0,7,2,2,3079859,0
1418,4.0,17,2,4,1709879,19666
1854,1.0,1,3,4,3355648,0
1213,1.0,9,3,4,1594054,29337
2144,4.0,10,2,2,756874,24036
1282,3.0,24,2,3,2957848,26569
2675,1.0,16,4,4,2720806,28454
2879,1.0,23,1,3,3902046,34423
2281,1.0,3,3,0,1686515,16146
598,3.0,1,4,2,4020268,32781
2332,3.0,6,1,2,1232172,0
2674,2.0,5,2,2,1566844,14302
1088,4.0,15,1,3,2231531,9517
888,4.0,11,4,3,4564875,30820
484,3.0,18,1,4,1252106,0
2687,3.0,2,1,0,3104211,32659
2537,4.0,19,2,1,3220136,34711
1102,4.0,13,1,1,2143633,0
2562,2.0,17,2,3,957999,29419
2952,4.0,18,1,2,4287020,24468
2924,1.0,6,4,4,1472648,10893
1798,4.0,4,3,1,4689950,24623
524,3.0,3,3,2,1019384,0
890,2.0,10,4,2,2653280,8428
775,2.0,3,4,1,1331707,17771
820,4.0,17,2,1,2171688,0
1579,4.0,15,1,3,4548881,31534
430,1.0,18,2,0,3652395,20135
2853,1.0,9,1,1,3011103,0
3404,2.0,19,1,4,1221576,0
1016,4.0,8,2,4,1060881,20068
2465,2.0,10,2,1,2774568,0
641,2.0,24,3,1,3852914,33868
3021,4.0,4,1,2,867674,29368
1408,1.0,15,2,3,4408530,27802
3418,2.0,4,4,4,605402,33164
1219,3.0,8,2,3,2853530,14213
526,3.0,10,3,1,2551759,17914
3482,1.0,9,2,2,1383150,0
3256,2.0,1,3,3,2974393,0
1080,3.0,15,2,0,4679638,0
2478,1.0,11,2,2,2153987,0
2397,1.0,14,2,2,4814513,0
2179,2.0,24,3,2,1679091,22502
2776,3.0,7,1,4,4799225,21339
2888,3.0,16,1,1,3503500,0
683,3.0,21,4,1,3381067,18390
2135,3.0,7,1,2,4950712,0
3141,4.0,13,1,2,3971171,0
2992,3.0,17,4,3,4121626,0
3039,4.0,23,2,2,1350117,0
2137,2.0,4,4,2,4230086,0
3118,3.0,13,2,0,3965602,0
2427,4.0,2,3,1,4702850,11733
2157,3.0,20,3,0,2163001,0
1480,1.0,10,1,1,1867538,12802
1118,4.0,19,3,3,3987958,0
452,3.0,17,3,3,2964355,0
899,4.0,3,2,2,3404818,0
842,2.0,23,4,1,2989778,0
1225,4.0,12,1,0,2447382,0
2429,3.0,8,2,3,2452272,19658
2875,2.0,7,2,1,3890053,34339
2150,1.0,13,1,3,2427899,0
1710,3.0,19,3,0,2739058,33553
3199,1.0,18,1,4,3548875,0
756,4.0,2,3,1,4224439,0
1368,2.0,24,1,2,865780,33161
2922,4.0,9,4,1,857182,0
622,3.0,20,3,0,4367612,12315
1607,4.0,23,4,2,1932088,0
2641,4.0,11,1,1,4903456,0
1750,3.0,4,3,2,820196,0
2457,2.0,12,4,2,1647929,12410
1081,1.0,19,4,4,1619042,8629
3299,2.0,10,2,3,2556112,0
1785,1.0,7,1,1,1027233,0
2440,3.0,14,3,3,2836074,0
1031,2.0,23,1,2,3813715,19600
2102,3.0,1,1,3,2308214,14951
3052,1.0,4,2,4,2430004,0
2406,4.0,2,2,3,504997,30387
2287,1.0,21,1,3,3542041,25206
699,4.0,8,3,4,3492923,0
1954,3.0,19,1,4,4076963,0
2423,4.0,20,1,4,1549209,20489
1478,2.0,6,1,2,2262576,0
1529,1.0,24,3,3,3740254,18782
1344,4.0,8,1,0,1118738,11418
2056,3.0,11,4,3,4489782,0
3339,1.0,2,2,3,872623,0
2722,1.0,13,3,0,4901283,35065
1747,4.0,16,4,0,1525775,33310
3326,2.0,2,1,2,4400271,18921
2258,1.0,8,3,1,3116020,25309
2387,3.0,15,1,3,1389995,0
1508,4.0,13,3,2,2640831,0
430,2.0,2,2,1,3987324,0
1893,3.0,23,2,0,4011202,30153
3031,3.0,6,2,2,4300850,0
2034,4.0,23,1,1,4901246,38414
554,4.0,10,1,2,628558,8674
3277,3.0,17,2,0,1996076,0
1363,1.0,4,1,0,4439316,0
585,4.0,21,4,3,1209601,0
2596,2.0,1,3,1,4967327,0
3280,4.0,24,1,4,3673505,34170
2011,1.0,23,4,4,2406939,0
3019,1.0,14,3,4,2355845,0
2307,3.0,6,1,3,4422940,38081
1486,3.0,20,4,1,2880864,0
848,3.0,20,4,1,3668983,0
1739,4.0,11,3,0,4204061,0
1557,4.0,13,4,1,4050870,0
3254,2.0,7,2,3,4990329,0
2584,3.0,15,1,3,4155220,0
1797,2.0,11,1,2,2392673,25417
561,2.0,4,1,3,3433698,0
608,4.0,3,1,4,1745295,0
2150,2.0,8,1,3,559974,0
3109,4.0,10,4,4,1861706,0
2458,3.0,22,2,1,1175992,14060
625,4.0,1,1,2,3607510,39610
1833,3.0,6,1,1,3702088,24299
3044,4.0,24,3,4,3947194,16123
1472,3.0,19,4,1,1733616,0
1570,2.0,22,1,4,3606475,14107
1613,1.0,19,2,1,896199,0
470,2.0,4,2,4,809861,17681
1853,2.0,12,3,4,2426066,0
2153,1.0,1,4,0,4036329,27547
2470,3.0,4,3,1,4954925,35442
1491,1.0,12,3,1,3825163,0
1106,2.0,16,4,4,2078936,0
2706,4.0,6,2,4,1823457,30336
3334,2.0,24,3,0,4313129,13973
724,4.0,2,3,4,2043272,20600
1076,1.0,14,3,1,3214982,0
1100,4.0,13,4,2,2166994,15921
3170,2.0,3,1,3,2061872,37067
1932,3.0,22,1,3,3328321,0
1065,1.0,15,4,0,3835260,36492
544,1.0,13,1,2,3523494,29008
3081,2.0,4,2,3,4882030,0
766,3.0,16,2,2,718210,24214
2999,1.0,1,1,0,3789839,21151
2914,1.0,16,1,4,3811482,0
517,4.0,23,2,0,2323110,16085
701,1.0,10,1,3,4888833,0
586,4.0,11,3,3,4110447,24790
1473,1.0,9,1,2,3424259,26068
607,2.0,11,4,3,4901748,11913
1724,2.0,22,3,3,3131706,18384
820,4.0,2,4,4,3339232,32416
1156,2.0,1,1,4,1292192,0
3171,3.0,12,4,2,2140037,0
524,1.0,5,1,4,3438398,0
819,3.0,18,1,1,2994338,26299
2244,1.0,7,2,3,3969129,10220
2988,2.0,3,4,3,3407303,24758
1054,1.0,9,4,4,4756749,19100
3462,4.0,9,4,2,2162844,0
1165,2.0,1,2,3,1854059,0
1971,1.0,1,2,3,2866399,0
2032,1.0,8,3,4,1355344,0
1399,3.0,4,2,4,3125112,0
2026,3.0,12,2,4,1633496,18276
893,4.0,24,1,2,1291590,0
564,3.0,7,3,1,1375786,32366
1298,3.0,4,3,1,1294397,12238
3303,2.0,2,3,4,919944,0
1399,1.0,9,1,2,1130379,0
456,3.0,13,4,3,4135531,9215
3341,1.0,15,4,2,4210296,28296
1992,1.0,15,1,3,4659570,14911
1666,3.0,22,2,1,3595832,0
1016,3.0,9,2,4,4197987,11983
3158,1.0,24,3,4,1874506,8547
1076,4.0,13,3,4,1711468,10441
3294,3.0,6,2,3,4915111,0
1027,3.0,15,1,3,642799,27911
1088,4.0,9,3,3,3769528,0
2837,1.0,18,3,3,1662703,0
2591,1.0,24,3,1,1990689,0
1181,4.0,1,1,3,4193323,29116
1888,1.0,16,4,2,4188394,30549
2547,3.0,14,1,4,1964828,33127
1448,1.0,22,1,2,1217920,0
1361,2.0,13,3,4,2327654,0
2686,1.0,9,2,4,3075902,20438
2006,4.0,6,1,1,3852986,0
1105,1.0,17,3,0,3234818,28220
2623,3.0,6,4,0,3481533,23214
1374,1.0,22,1,3,3359530,0
1467,1.0,3,2,4,1967982,0
2987,1.0,18,3,0,2315819,26257
3405,3.0,16,2,2,3479848,29657
1548,4.0,20,1,1,2045710,30395
2834,3.0,17,3,3,1483484,18119
924,3.0,23,2,3,2665216,0
2816,1.0,11,3,2,4911726,0
2742,1.0,22,3,2,1361554,20018
2507,3.0,7,3,3,4495203,21321
2454,1.0,12,4,4,2938164,0
2463,4.0,17,2,2,4713082,12361
2346,3.0,9,4,4,2952885,0
868,1.0,4,3,4,1746098,0
1319,3.0,4,2,4,3865137,26510
1540,1.0,21,2,3,1981481,0
1787,4.0,22,3,3,4314636,0
1811,3.0,16,3,2,4221197,20143
2458,2.0,18,2,3,950895,0
3062,1.0,13,2,2,831053,21558
1362,4.0,11,3,3,2625625,24333
1984,3.0,22,2,4,4195899,12282
2855,3.0,9,1,1,2027445,0
1769,2.0,17,3,2,3446734,33085
1196,3.0,10,1,4,4130458,19209
3228,1.0,17,4,1,1902789,21400
2364,4.0,11,1,2,3627899,0
2350,3.0,13,3,2,1411620,30801
2222,3.0,8,3,2,3015657,12936
930,4.0,18,3,1,1619830,22693
3006,2.0,1,1,0,2936110,35117
489,3.0,9,4,4,2726047,12775
1499,2.0,3,3,3,4008579,34461
3417,1.0,23,1,4,3462850,0
1794,3.0,12,3,2,3153951,12464
3037,2.0,24,3,2,3169553,18198
1172,1.0,7,1,0,3780405,23383
2791,4.0,20,3,0,3485076,0
2451,4.0,9,2,1,2490085,36941
2883,2.0,2,4,3,4635432,0
3185,4.0,6,1,2,2293159,22805
1112,2.0,4,2,2,1157608,38585
1487,1.0,8,4,2,2401225,0
2830,1.0,18,2,1,545836,0
787,4.0,14,4,3,1460775,27107
940,2.0,24,4,2,1355459,0
3154,2.0,5,2,1,4227831,0
2571,2.0,1,4,4,3702888,39714
3118,4.0,8,4,3,3573880,9132
3464,4.0,24,4,2,3836670,14623
1441,4.0,7,3,3,1366652,0
924,3.0,20,1,4,4433391,0
3290,3.0,2,4,3,3106463,0
3104,2.0,9,4,1,1646786,38773
1461,4.0,24,1,3,3356008,0
645,1.0,21,1,2,4080951,0
1056,2.0,11,4,2,2762399,32101
1539,1.0,2,1,2,3674511,0
2318,3.0,5,3,1,2208333,27501
2752,2.0,22,1,3,1566452,36421
850,3.0,7,3,3,960389,35283
2136,2.0,15,3,1,2567042,0
889,3.0,9,4,1,2809753,35232
1175,1.0,17,3,4,4971654,37945
2272,1.0,11,4,1,1024544,33917
1497,1.0,13,1,3,1999478,31433
3460,3.0,9,1,0,3767316,11970
1328,4.0,2,1,1,2097203,24719
806,2.0,17,3,3,3294133,0
2741,4.0,2,4,4,3842601,0
924,1.0,17,3,4,4381898,0
1031,1.0,24,3,3,4767523,0
2373,1.0,17,4,2,1483297,0
3196,4.0,8,1,1,1975909,0
2016,1.0,3,2,1,1405012,0
1176,2.0,2,3,4,1312411,25559
2700,2.0,19,4,0,768143,35982
906,1.0,1,3,4,2345083,0
422,3.0,5,2,1,3271859,0
3111,2.0,7,2,4,882183,36195
3459,4.0,8,2,4,4590637,12473
2414,4.0,1,1,2,2406139,14976
984,4.0,16,3,4,2783840,29317
875,4.0,9,2,2,4076074,0
2054,3.0,20,1,4,4822073,0
624,1.0,11,1,1,665978,12264
3486,2.0,12,4,4,3284391,12021
1852,2.0,18,2,2,3142453,0
2853,1.0,2,4,3,1237747,26523
861,4.0,18,4,1,4414483,0
2263,1.0,17,3,3,2685789,0
2597,1.0,20,2,1,2947239,31755
2455,4.0,17,1,0,2845604,0
635,1.0,12,2,4,1389547,0
3381,3.0,11,2,3,4278728,0
2908,2.0,15,4,4,2519083,38895
924,4.0,22,1,3,574184,0
2754,1.0,19,1,3,3712995,0
1653,4.0,18,4,3,3369341,33992
2165,4.0,4,1,3,3067967,12144
2458,1.0,19,4,4,4244200,29546
2060,2.0,7,4,0,1431734,0
1768,3.0,14,1,2,3151788,35477
1354,4.0,12,2,4,3113278,15598
802,1.0,19,2,4,4030894,0
2319,4.0,24,1,4,3217360,0
1062,1.0,18,2,2,4604242,0
1364,3.0,21,3,0,2513584,30272
1576,4.0,13,2,2,567128,0
1548,2.0,12,4,1,3935849,21511
2416,4.0,3,1,1,1472072,0
2050,2.0,11,1,2,4839059,0
1019,4.0,7,4,1,4321436,37446
1690,1.0,18,3,4,1767614,27987
1535,1.0,20,1,1,1248641,27577
1832,2.0,5,3,1,4010006,0
1725,4.0,17,2,4,3418044,0
2973,1.0,22,3,1,3229241,17146
621,4.0,23,1,3,2851315,30098
2926,3.0,8,2,4,953226,38517
2368,2.0,10,2,2,3684809,0
459,2.0,8,3,2,3537765,0
3353,4.0,24,3,3,4507607,0
2817,3.0,6,1,1,2706662,23635
850,2.0,4,3,1,1343046,9631
3203,1.0,15,3,1,1085105,38119
2807,2.0,11,1,2,3611850,36141
1261,1.0,22,4,4,4208319,17734
2203,4.0,10,4,4,3064104,0
1433,1.0,6,3,3,576903,0
2537,2.0,3,4,1,4899603,0
786,1.0,5,1,3,1403651,0
1969,2.0,10,1,1,4937582,9226
2886,4.0,9,1,2,922823,0
1200,4.0,4,2,3,4354563,0
990,2.0,4,4,3,1554049,22108
1048,2.0,9,1,1,4695109,20366
2088,1.0,19,1,2,3238765,38269
1362,2.0,22,3,3,1183582,36139
3065,1.0,12,2,4,3456627,0
1253,4.0,8,4,2,4858524,22070
2528,2.0,11,2,2,1437204,0
1725,2.0,8,1,0,3108455,38089
685,4.0,11,3,2,2953479,0
2579,2.0,21,4,1,1670476,38355
2420,2.0,8,4,0,1890150,0
1791,2.0,21,3,3,3462851,30265
438,4.0,2,2,2,1907789,0
2746,3.0,6,2,1,3696457,0
901,3.0,19,1,4,2980218,0
2192,2.0,17,2,3,3404020,0
1085,4.0,8,2,4,3038037,0
899,3.0,1,2,2,1790707,0
2578,3.0,21,4,1,1184439,26128
484,2.0,22,3,4,1764110,0
709,4.0,6,1,1,2224798,35358
3071,4.0,9,1,1,2694304,0
2324,1.0,13,3,0,2532131,0
3366,1.0,16,2,3,592555,11873
2323,4.0,3,2,4,3992554,0
1628,2.0,21,3,3,1104469,0
2566,3.0,20,1,0,3122841,0
2609,4.0,7,1,3,1713177,10538
917,1.0,18,4,1,1386935,0
3072,1.0,6,1,1,2177208,0
3004,2.0,14,2,0,1765495,24473
2872,1.0,2,4,1,4970675,17364
2376,2.0,11,3,3,4735748,0
994,3.0,9,1,4,3368056,0
3007,2.0,14,1,4,1906233,0
2876,1.0,21,1,3,1065843,0
2572,1.0,17,3,4,1120063,23308
1178,2.0,17,4,1,846983,13122
535,2.0,12,2,2,3680523,0
1772,4.0,13,4,3,3529326,0
2480,4.0,15,3,2,2198316,0
3177,3.0,24,4,3,3310964,8542
1286,4.0,5,1,2,3861479,0
1286,1.0,2,2,3,3082466,31303
2638,1.0,23,1,3,2956664,0
2468,1.0,8,3,1,3949628,0
2048,1.0,20,3,2,2934779,9064
2172,2.0,19,2,1,4569934,27613
3302,2.0,19,1,1,2550935,13984
2660,3.0,16,2,3,611344,0
3385,2.0,5,1,4,3404707,0
2684,4.0,17,3,2,2857778,39740
1615,3.0,2,4,1,3161376,11994
1852,3.0,13,4,4,721017,0
1694,2.0,24,2,3,3872293,0
427,4.0,1,2,4,3625791,33928
581,2.0,11,2,0,4716277,0
2164,2.0,13,3,1,3133083,13874
1912,1.0,18,4,4,1064182,0
2160,3.0,6,3,2,891695,20221
544,4.0,3,4,2,3725348,0
2984,3.0,16,2,0,2995452,31222
810,3.0,8,2,2,3382754,0
3200,2.0,10,2,4,2667358,28080
2213,1.0,4,1,2,3141147,37702
2368,3.0,23,2,2,1944474,0
1389,1.0,10,1,1,4044227,21977
3176,3.0,12,2,2,1733780,35226
1143,1.0,1,1,4,2686314,0
3146,2.0,3,4,4,2328178,13040
1046,2.0,8,2,0,3933863,28398
2637,1.0,24,1,3,3978145,0
2400,1.0,18,3,3,3217295,24088
1301,2.0,17,4,4,1538354,26251
3262,2.0,24,2,4,1968790,25984
2356,2.0,22,1,2,2263654,0
3109,2.0,11,2,4,4264038,26435
1265,1.0,12,4,3,3786525,27096
931,1.0,18,4,3,3195942,0
605,1.0,5,1,4,2824836,38532
1778,1.0,21,1,2,4616518,0
3006,2.0,6,3,4,1146660,37883
2130,1.0,4,1,4,3201945,24399
2789,4.0,9,4,2,3021314,31725
2083,3.0,9,1,1,4762456,32476
639,4.0,23,1,1,3914750,0
2390,2.0,9,1,2,1719896,0
2434,1.0,24,4,2,2278521,25907
1675,3.0,12,1,4,3943522,0
3067,3.0,23,4,1,3435870,0
2850,3.0,21,1,3,4421403,18974
1184,1.0,4,1,0,1288037,0
703,4.0,10,3,1,666876,23036
691,3.0,17,3,4,899800,10064
3213,1.0,10,1,1,3829865,15343
2877,4.0,1,4,0,2623018,32790
2924,4.0,12,1,4,4978571,38453
991,4.0,15,1,4,3837267,14826
1786,4.0,13,3,3,1936629,35534
1847,3.0,24,2,0,1651740,0
1835,2.0,2,3,1,1931728,14690
2273,2.0,15,1,1,2143847,0
558,2.0,3,1,2,1532433,37110
1731,4.0,24,3,2,2466695,8208
3484,1.0,18,1,1,1609015,0
2323,1.0,16,1,2,3578413,0
2893,2.0,14,2,4,4156654,32520
3405,2.0,19,1,1,3811057,8383
2916,3.0,8,2,2,905499,11388
1253,4.0,19,2,0,1612506,27849
1586,4.0,12,3,4,2545582,24323
2233,1.0,1,4,3,3849889,0
3222,4.0,2,2,0,3359562,26638
2525,4.0,14,3,1,3553001,0
1748,3.0,8,3,4,3495841,0
2848,1.0,12,2,3,4928677,25101
1160,1.0,2,1,0,3965141,0
2270,4.0,2,1,4,2306327,0
510,1.0,9,4,1,754435,36206
3147,1.0,1,2,4,4662465,30112
859,4.0,13,2,3,3790949,22028
816,1.0,15,2,0,906965,19100
3281,1.0,16,3,0,3360886,31261
1068,2.0,1,4,4,1028300,0
3155,2.0,12,1,2,731336,27236
511,3.0,7,1,4,1331873,34564
1162,3.0,18,4,4,4043274,31417
826,2.0,12,1,1,2938403,0
480,2.0,6,3,2,2931548,34426
790,1.0,8,4,2,4063852,19021
2527,4.0,8,4,0,3109577,0
1183,2.0,16,1,2,3466442,12357
1873,3.0,5,1,0,3939263,32252
3284,2.0,22,4,0,2163986,0
2374,1.0,24,3,3,2101321,0
1107,3.0,13,1,3,1017569,0
1071,3.0,21,2,1,3134743,0
3306,3.0,18,3,2,4523290,9342
1351,3.0,12,4,4,4914444,0
950,1.0,22,4,1,4789397,0
1707,3.0,19,1,1,3807984,0
2805,3.0,3,2,4,4014401,0
1066,4.0,5,4,3,4756360,0
938,3.0,18,2,3,2189951,0
3307,2.0,12,4,3,4147067,10889
773,3.0,22,4,2,4300104,27799
1540,4.0,6,3,3,596190,0
1703,4.0,20,3,2,4354856,0
1732,3.0,11,4,4,1052507,16843
649,4.0,12,1,2,4800685,24308
1581,2.0,12,4,4,1750092,0
2668,1.0,5,4,4,1210328,23480
531,2.0,24,4,4,2405283,0
3044,1.0,21,2,4,1353550,0
1106,4.0,11,4,2,2231126,17831
930,2.0,21,3,4,3303157,27550
2103,3.0,13,1,3,1700309,15771
465,2.0,19,2,2,2320015,38941
1531,1.0,23,3,1,4804015,0
2494,4.0,2,1,0,3135068,9006
2020,2.0,21,3,0,4659114,0
1611,1.0,23,1,2,1276452,0
3388,4.0,20,1,2,1473308,0
2974,1.0,15,2,0,1087777,0
3183,2.0,24,3,4,955901,0
1858,3.0,8,2,3,2340998,0
930,3.0,20,2,2,4448601,0
2283,2.0,20,1,1,3797688,0
1576,3.0,23,1,4,4061031,35507
1000,4.0,9,2,2,3155803,0
2616,1.0,11,4,4,4243495,23500
3465,4.0,23,3,2,4494703,0
2593,2.0,19,1,4,3719992,26693
958,1.0,24,3,2,4323184,0
1459,2.0,9,1,1,2014952,0
3020,1.0,22,3,4,961867,27447
2777,2.0,9,1,0,3815790,0
1142,3.0,23,2,1,2359074,0
2963,4.0,11,1,1,3543649,38226
1087,4.0,4,2,4,4384580,10767
3088,2.0,22,1,3,2920061,20985
793,2.0,16,3,0,2224207,14751
2199,1.0,15,4,2,2731138,0
1203,4.0,15,3,2,4891327,0
3294,1.0,4,1,1,3761053,20960
922,1.0,2,1,3,1652673,0
1656,2.0,24,4,4,4311620,0
3074,1.0,22,4,1,2314173,25247
1536,3.0,7,4,2,2941183,39420
3174,4.0,13,1,4,4851141,0
2750,3.0,20,2,1,4262057,13741
2613,1.0,2,3,0,504531,33318
901,1.0,6,3,4,4695454,23544
